Age,Height_cm,Weight_kg,BMI,Last_Period_Start_Date,Period_Duration,Stress_Level,Sleep_Hours,PCOS,Thyroid,Flow_Type,Cramps_Severity,Next_Period_Date,Pimples,Previous_Cycle_Length_1,Previous_Cycle_Length_2,Previous_Cycle_Length_3
33,151,52.6,23.07,27-11-2024,6,Medium,8.0,Yes,No,Medium,Medium,23-12-2024,No,30,28,31
22,149,40.0,18.02,03-06-2024,4,Low,7.3,No,Yes,Medium,Low,29-06-2024,No,27,31,35
43,170,66.2,22.91,08-02-2025,5,Low,4.7,No,No,Medium,Medium,13-03-2025,No,34,33,26
40,161,66.8,25.77,28-10-2025,5,High,5.4,Yes,No,Medium,Low,30-11-2025,No,31,24,27
21,149,62.4,28.11,19-02-2024,4,High,5.4,No,No,Heavy,Medium,25-03-2024,Yes,28,35,33
37,156,40.0,16.44,15-03-2024,5,Medium,5.5,No,No,Heavy,High,16-04-2024,Yes,30,33,29
41,164,77.0,28.63,02-07-2025,6,Medium,5.5,No,No,Light,Medium,31-07-2025,Yes,33,32,33
25,153,61.8,26.4,06-04-2024,4,Medium,5.9,No,No,Medium,Medium,12-05-2024,No,26,29,30
43,147,40.0,18.51,09-01-2025,6,Low,5.4,No,No,Medium,Medium,10-02-2025,No,30,26,27
32,173,58.3,19.48,19-08-2025,4,High,5.6,No,No,Light,Medium,18-09-2025,No,34,31,31
41,160,64.2,25.08,29-02-2024,4,Medium,5.5,No,No,Heavy,Medium,29-03-2024,Yes,34,32,28
26,173,68.8,22.99,03-06-2025,5,Medium,7.4,Yes,No,Light,Medium,02-07-2025,No,31,29,24
43,153,54.4,23.24,07-08-2024,6,Low,5.8,No,No,Light,Medium,09-09-2024,No,28,34,27
32,171,79.6,27.22,08-02-2024,6,High,5.1,No,No,Medium,Medium,06-03-2024,Yes,27,30,26
28,148,44.3,20.22,29-03-2024,6,Low,8.6,No,No,Medium,High,21-04-2024,Yes,31,24,32
44,174,75.6,24.97,20-03-2025,4,Low,6.3,No,No,Light,High,25-04-2025,Yes,31,28,31
26,170,74.7,25.85,04-03-2025,4,Medium,8.9,No,No,Medium,Low,08-04-2025,Yes,26,28,24
25,173,81.9,27.36,12-03-2024,4,High,7.5,Yes,No,Heavy,High,20-04-2024,No,29,33,34
24,147,64.6,29.89,03-09-2024,4,Medium,5.4,No,No,Medium,Medium,01-10-2024,No,28,27,29
22,146,62.9,29.51,02-04-2024,5,High,5.1,No,Yes,Heavy,High,28-04-2024,Yes,25,29,32
34,154,56.4,23.78,18-07-2025,7,High,8.4,No,No,Light,High,17-08-2025,No,31,30,30
25,156,53.6,22.02,10-03-2025,5,High,5.8,No,No,Light,Low,11-04-2025,Yes,35,32,27
30,175,98.6,32.2,01-03-2024,5,High,4.8,No,No,Medium,High,29-03-2024,Yes,29,24,24
18,167,73.4,26.32,02-08-2025,7,High,7.5,No,No,Medium,Medium,04-09-2025,No,25,29,35
29,170,74.3,25.71,06-05-2024,5,Medium,4.6,No,No,Heavy,Low,30-05-2024,No,35,30,25
41,165,54.0,19.83,16-08-2024,3,Medium,4.8,No,Yes,Medium,Medium,17-09-2024,No,28,26,35
44,154,61.8,26.06,07-10-2025,3,High,7.9,No,No,Light,Medium,31-10-2025,Yes,24,31,28
24,167,59.3,21.26,04-10-2025,5,High,5.8,No,No,Light,Medium,10-11-2025,No,35,28,35
37,156,51.4,21.12,19-08-2025,4,Low,7.9,No,No,Light,Medium,22-09-2025,No,33,32,34
30,152,40.0,17.31,04-03-2024,4,Medium,7.1,Yes,No,Medium,Medium,12-04-2024,Yes,29,28,28
23,169,63.8,22.34,13-08-2025,5,Medium,4.8,Yes,No,Light,Medium,12-09-2025,No,35,32,31
42,174,74.6,24.64,22-08-2025,5,Medium,8.7,No,No,Heavy,Low,22-09-2025,Yes,32,33,29
42,155,40.1,16.69,10-02-2025,7,Medium,6.0,No,No,Medium,High,09-03-2025,Yes,24,27,31
41,160,51.1,19.96,20-02-2024,4,Medium,7.7,Yes,No,Medium,Medium,25-03-2024,No,34,32,25
39,171,70.2,24.01,14-08-2024,7,Low,7.4,No,No,Medium,High,19-09-2024,No,34,28,26
34,160,47.4,18.52,17-02-2024,5,Low,6.2,No,Yes,Medium,Medium,19-03-2024,No,33,33,29
45,175,62.5,20.41,24-07-2025,5,Medium,8.4,Yes,No,Medium,Medium,29-08-2025,Yes,35,32,35
18,170,61.7,21.35,16-05-2024,4,Medium,4.8,No,No,Heavy,Medium,17-06-2024,Yes,35,26,33
20,167,53.0,19.0,23-10-2024,5,Low,5.9,No,No,Light,Medium,25-11-2024,No,26,27,26
42,149,55.1,24.82,05-03-2025,5,High,8.6,No,No,Light,Low,06-04-2025,No,35,32,29
27,167,57.1,20.47,27-05-2024,5,High,5.4,Yes,No,Medium,Low,27-06-2024,Yes,30,33,29
32,175,82.7,27.0,07-07-2025,6,Low,6.4,No,No,Medium,Medium,07-08-2025,No,27,34,25
24,149,58.2,26.22,30-04-2024,5,Low,8.3,No,No,Medium,Low,03-06-2024,Yes,32,29,30
22,150,40.0,17.78,07-08-2025,4,Low,5.7,No,Yes,Medium,Medium,10-09-2025,No,26,25,35
32,168,68.4,24.23,11-11-2024,7,High,5.8,No,No,Medium,Medium,14-12-2024,Yes,28,30,25
27,173,68.2,22.79,27-07-2025,6,Medium,5.5,No,Yes,Medium,Low,23-08-2025,No,26,25,29
41,149,40.0,18.02,29-11-2025,3,High,7.8,No,No,Heavy,Low,01-01-2026,Yes,30,34,24
21,160,56.7,22.15,04-07-2024,5,Medium,6.8,No,No,Heavy,Medium,04-08-2024,No,28,25,26
21,161,58.6,22.61,15-04-2024,5,Medium,6.4,No,No,Medium,High,15-05-2024,No,32,34,25
26,158,65.1,26.08,18-08-2025,4,High,8.5,Yes,No,Heavy,Low,21-09-2025,Yes,30,24,30
37,166,76.2,27.65,07-08-2025,5,Low,7.5,No,No,Medium,Low,12-09-2025,No,25,34,27
34,147,40.0,18.51,16-10-2025,4,Medium,5.1,No,No,Medium,Medium,18-11-2025,No,27,34,31
19,166,62.0,22.5,11-07-2024,4,Medium,8.9,Yes,No,Medium,Medium,12-08-2024,No,32,35,29
18,174,79.3,26.19,16-01-2025,5,Medium,7.5,No,No,Heavy,Low,17-02-2025,No,35,34,35
34,149,60.7,27.34,09-04-2024,3,Low,8.2,No,No,Medium,Low,14-05-2024,No,25,26,33
40,159,40.0,15.82,14-07-2025,5,High,7.0,No,No,Heavy,Medium,08-08-2025,No,33,29,27
30,166,78.7,28.56,30-12-2025,5,Medium,8.9,No,Yes,Heavy,Medium,31-01-2026,Yes,32,31,28
25,173,71.3,23.82,05-03-2024,5,High,6.2,No,No,Medium,Low,31-03-2024,Yes,33,32,32
41,158,73.3,29.36,31-07-2025,6,Low,6.5,No,No,Light,Medium,31-08-2025,Yes,28,30,30
28,162,57.8,22.02,02-03-2024,3,High,6.9,No,No,Medium,Low,10-04-2024,Yes,25,27,33
27,152,43.7,18.91,25-09-2025,4,Medium,5.9,No,No,Medium,Medium,25-10-2025,No,27,29,32
21,165,65.4,24.02,29-07-2024,5,Medium,6.8,No,No,Light,Medium,25-08-2024,Yes,35,28,30
18,165,76.7,28.17,23-05-2025,5,Low,8.7,No,Yes,Light,Medium,18-06-2025,No,35,31,35
25,165,65.3,23.99,27-11-2025,4,High,7.9,No,Yes,Light,Low,02-01-2026,No,30,24,24
41,159,40.0,15.82,28-06-2025,4,High,5.4,No,No,Light,Medium,24-07-2025,Yes,35,24,35
41,159,65.8,26.03,13-03-2025,4,Medium,8.0,Yes,No,Heavy,Low,08-04-2025,No,31,34,31
18,147,40.0,18.51,17-11-2024,7,High,4.9,Yes,No,Heavy,High,13-12-2024,Yes,26,29,27
39,160,50.2,19.61,21-04-2025,5,Low,5.3,No,No,Light,Low,24-05-2025,No,24,33,26
22,153,41.4,17.69,22-08-2025,5,Medium,6.3,No,No,Medium,Medium,20-09-2025,Yes,27,35,30
21,152,40.0,17.31,09-04-2025,5,Low,7.4,No,No,Medium,Low,14-05-2025,No,25,25,35
19,167,54.5,19.54,05-01-2025,6,High,5.2,No,No,Light,High,07-02-2025,No,31,28,26
21,151,41.1,18.03,02-11-2024,5,High,7.1,No,No,Heavy,Medium,28-11-2024,Yes,27,24,31
45,158,51.9,20.79,11-09-2024,5,Medium,7.1,No,No,Medium,High,13-10-2024,Yes,25,30,29
45,158,57.5,23.03,03-07-2024,6,Low,8.7,Yes,No,Medium,Medium,28-07-2024,No,29,24,28
19,169,65.7,23.0,16-12-2025,5,Medium,6.0,Yes,No,Light,Medium,19-01-2026,No,29,27,27
37,159,44.2,17.48,06-09-2024,4,High,8.8,No,No,Medium,Medium,30-09-2024,No,33,32,31
45,161,59.2,22.84,24-03-2024,7,Medium,5.8,No,No,Medium,Low,24-04-2024,No,27,24,31
22,151,60.7,26.62,11-08-2025,7,Low,8.3,Yes,Yes,Medium,Medium,16-09-2025,Yes,29,27,35
37,173,82.5,27.57,03-11-2024,5,Low,7.5,Yes,No,Heavy,Low,30-11-2024,No,25,29,24
19,163,64.3,24.2,21-06-2025,6,Low,7.4,No,Yes,Medium,High,22-07-2025,Yes,33,29,32
45,151,57.2,25.09,21-05-2025,6,Low,6.4,No,No,Light,Low,27-06-2025,No,35,35,28
43,175,83.9,27.4,17-12-2024,5,High,5.0,No,No,Light,Low,15-01-2025,No,25,31,27
23,169,82.6,28.92,16-01-2026,4,Low,6.5,No,No,Medium,Medium,18-02-2026,Yes,33,24,29
27,149,66.0,29.73,04-04-2025,4,Medium,6.6,No,No,Medium,Low,06-05-2025,Yes,27,30,29
35,160,56.8,22.19,21-10-2024,6,Low,7.2,No,No,Medium,Medium,20-11-2024,Yes,31,24,25
20,159,56.3,22.27,15-09-2025,7,Medium,4.8,No,No,Medium,Low,14-10-2025,Yes,30,30,31
37,152,66.7,28.87,15-03-2024,5,High,6.7,No,No,Medium,Low,15-04-2024,No,35,26,30
36,169,84.6,29.62,30-04-2024,7,Low,8.5,No,No,Heavy,Low,31-05-2024,No,32,34,24
36,155,70.4,29.3,08-06-2025,5,High,8.4,No,No,Light,Medium,10-07-2025,No,31,31,28
39,148,40.0,18.26,04-03-2025,5,Medium,6.5,No,No,Light,High,03-04-2025,No,28,26,35
41,164,61.8,22.98,17-06-2024,4,Medium,6.9,No,No,Heavy,High,20-07-2024,Yes,25,24,29
21,156,40.0,16.44,16-12-2024,5,High,8.5,Yes,No,Medium,High,14-01-2025,No,28,31,27
29,175,82.3,26.87,04-06-2024,5,High,9.0,No,No,Medium,Low,02-07-2024,No,31,26,25
44,149,49.6,22.34,15-05-2025,6,Medium,5.6,No,No,Medium,Low,11-06-2025,No,33,25,27
33,161,61.5,23.73,07-03-2025,7,Medium,7.0,Yes,Yes,Medium,Medium,06-04-2025,No,32,24,24
34,174,72.6,23.98,10-02-2024,6,Medium,7.1,No,No,Light,Medium,07-03-2024,No,35,26,30
30,147,60.0,27.77,15-11-2025,5,Medium,7.0,No,No,Heavy,Medium,18-12-2025,No,35,25,25
29,155,52.1,21.69,20-03-2024,5,Low,5.7,No,No,Light,High,15-04-2024,No,35,25,25
27,153,63.3,27.04,25-07-2025,7,Low,8.0,No,No,Heavy,Medium,25-08-2025,Yes,32,29,32
27,158,63.5,25.44,09-08-2025,5,Medium,7.2,No,No,Light,Low,13-09-2025,Yes,24,35,28
30,153,56.6,24.18,17-11-2024,5,High,7.0,No,Yes,Light,Low,16-12-2024,Yes,32,24,25
21,147,51.6,23.88,14-12-2024,3,Medium,5.0,No,No,Medium,High,11-01-2025,No,30,25,34
32,156,57.1,23.46,12-12-2025,7,Low,8.0,No,No,Medium,Low,13-01-2026,Yes,32,29,32
32,150,40.0,17.78,24-12-2024,5,Low,6.2,Yes,No,Medium,Low,20-01-2025,No,31,26,32
38,151,58.2,25.53,31-08-2025,5,Medium,7.4,No,No,Heavy,High,01-10-2025,No,24,27,24
39,153,60.1,25.67,23-05-2025,4,High,6.4,Yes,Yes,Medium,Medium,20-06-2025,Yes,35,24,34
33,145,43.6,20.74,16-08-2025,7,Medium,4.6,No,No,Light,Medium,16-09-2025,No,31,31,26
45,152,59.3,25.67,12-04-2025,6,Medium,8.4,No,No,Medium,High,14-05-2025,No,31,30,27
21,175,84.0,27.43,11-03-2024,5,Low,7.0,No,No,Heavy,Medium,16-04-2024,Yes,34,30,30
34,164,51.2,19.04,05-04-2024,6,High,5.1,Yes,No,Heavy,Low,03-05-2024,Yes,26,26,33
22,152,50.6,21.9,03-10-2024,7,Low,6.5,No,No,Light,Low,02-11-2024,Yes,24,33,27
29,169,64.6,22.62,30-04-2025,6,Medium,5.4,No,No,Medium,Medium,24-05-2025,Yes,31,33,25
26,156,46.9,19.27,14-12-2025,4,High,8.6,No,Yes,Light,Medium,16-01-2026,No,26,26,30
44,150,53.2,23.64,11-11-2025,3,Low,6.6,No,No,Heavy,Low,19-12-2025,No,26,25,29
44,173,64.6,21.58,07-03-2024,5,Low,5.4,No,No,Medium,Medium,03-04-2024,No,24,35,26
40,166,61.7,22.39,03-03-2024,5,Low,8.3,No,No,Medium,Low,13-04-2024,No,34,24,29
29,161,63.5,24.5,18-01-2026,4,Medium,7.5,No,No,Medium,Low,10-02-2026,No,28,30,34
33,167,70.5,25.28,19-12-2025,4,Medium,5.6,No,No,Light,Low,18-01-2026,Yes,33,30,29
41,165,68.2,25.05,13-11-2024,4,High,7.3,No,No,Medium,Low,18-12-2024,No,30,35,35
31,172,94.3,31.88,24-10-2025,7,High,5.4,No,No,Light,Low,25-11-2025,No,33,25,28
36,146,41.0,19.23,14-08-2025,6,High,8.0,No,No,Light,High,15-09-2025,No,32,30,27
25,174,76.5,25.27,28-11-2025,4,Medium,6.4,Yes,No,Medium,Medium,28-12-2025,No,35,31,33
21,155,42.9,17.86,01-04-2025,5,Medium,8.1,No,Yes,Light,Medium,03-05-2025,Yes,30,24,35
30,175,79.8,26.06,18-10-2024,6,Low,4.9,No,No,Medium,Medium,24-11-2024,Yes,32,32,24
30,171,82.5,28.21,03-01-2026,4,High,5.8,No,No,Medium,Low,30-01-2026,Yes,31,30,33
33,169,81.1,28.4,30-01-2025,5,Low,6.6,No,No,Light,High,01-03-2025,No,35,26,29
26,164,57.6,21.42,15-11-2025,4,Low,8.5,No,No,Light,Low,16-12-2025,No,25,31,25
40,170,67.2,23.25,21-12-2024,7,Low,5.0,No,No,Medium,Low,29-01-2025,No,24,30,26
24,166,78.6,28.52,24-01-2024,5,Low,9.0,No,No,Medium,Low,25-02-2024,Yes,30,34,31
39,172,71.1,24.03,17-04-2025,5,Medium,4.6,No,No,Medium,Medium,12-05-2025,No,30,31,33
24,165,74.6,27.4,29-12-2024,6,Medium,5.4,No,No,Medium,Low,03-02-2025,No,31,29,29
39,159,49.3,19.5,21-06-2024,4,Low,6.8,No,No,Medium,High,18-07-2024,Yes,28,32,26
30,168,81.8,28.98,17-09-2025,4,Medium,7.0,No,No,Heavy,Medium,23-10-2025,Yes,26,28,30
45,148,58.3,26.62,29-04-2024,7,Medium,6.7,No,No,Medium,Medium,02-06-2024,Yes,35,26,27
25,171,75.6,25.85,20-05-2025,6,High,5.1,Yes,No,Medium,High,24-06-2025,No,31,26,32
35,154,46.0,19.4,01-03-2024,4,Medium,7.6,No,No,Medium,Low,27-03-2024,Yes,29,24,28
28,167,65.4,23.45,11-08-2024,4,Medium,7.9,Yes,No,Light,Low,16-09-2024,No,34,35,26
33,151,52.5,23.03,21-10-2024,6,Low,7.5,No,No,Heavy,High,15-11-2024,No,26,31,25
23,174,76.6,25.3,12-05-2024,5,Low,8.6,No,No,Medium,High,16-06-2024,No,24,25,34
22,171,70.0,23.94,26-01-2026,6,High,6.2,No,No,Medium,Medium,22-02-2026,No,26,26,25
38,175,72.8,23.77,10-09-2024,5,High,6.2,No,No,Medium,Medium,08-10-2024,No,28,31,26
27,166,67.9,24.64,11-02-2025,3,High,5.7,Yes,No,Medium,Low,19-03-2025,Yes,26,31,25
27,154,68.0,28.67,04-02-2025,4,High,8.1,No,No,Medium,Medium,09-03-2025,No,24,34,27
44,172,51.9,17.54,23-05-2025,5,High,5.0,No,No,Light,Low,26-06-2025,Yes,28,27,25
18,147,40.0,18.51,23-03-2024,6,High,8.7,No,Yes,Medium,Low,20-04-2024,Yes,33,27,33
40,152,40.0,17.31,19-06-2024,6,Medium,8.8,No,No,Medium,Medium,20-07-2024,Yes,30,28,32
20,168,61.1,21.65,04-04-2025,5,Medium,6.9,No,No,Medium,High,01-05-2025,No,30,29,25
30,175,57.6,18.81,15-02-2025,5,Medium,6.5,No,No,Light,Low,13-03-2025,No,34,28,32
24,167,72.5,26.0,16-07-2025,6,Medium,6.5,Yes,No,Light,Medium,19-08-2025,Yes,32,30,29
26,156,57.0,23.42,11-10-2024,5,High,8.2,No,No,Medium,Low,12-11-2024,Yes,33,25,24
20,148,45.5,20.77,20-05-2024,6,High,8.8,No,No,Light,Medium,18-06-2024,No,33,30,27
45,159,52.2,20.65,16-03-2025,6,Medium,5.4,No,No,Light,Low,12-04-2025,Yes,35,33,24
28,163,64.6,24.31,17-07-2025,5,High,8.1,No,No,Medium,High,20-08-2025,Yes,26,30,29
32,145,46.8,22.26,12-10-2024,6,High,8.3,No,No,Medium,High,17-11-2024,No,30,24,27
38,160,63.3,24.73,24-12-2025,5,Medium,6.3,Yes,No,Medium,Medium,22-01-2026,No,24,30,26
35,173,65.7,21.95,01-03-2025,6,Medium,6.4,No,No,Medium,High,28-03-2025,Yes,27,28,26
24,157,63.5,25.76,02-01-2025,5,Low,4.6,No,No,Light,High,30-01-2025,No,27,26,32
28,155,40.3,16.77,30-11-2025,4,High,5.7,No,No,Light,Medium,30-12-2025,No,28,26,29
35,149,61.5,27.7,24-01-2025,6,High,6.9,No,No,Heavy,Medium,23-02-2025,Yes,30,27,32
23,175,44.2,14.43,24-08-2024,4,Low,7.0,No,No,Medium,Medium,27-09-2024,No,30,35,28
33,160,54.1,21.13,03-06-2024,5,High,7.7,No,No,Medium,Medium,06-07-2024,No,34,25,25
35,160,48.0,18.75,25-03-2024,6,High,8.1,No,No,Medium,Medium,23-04-2024,No,27,25,31
40,156,63.9,26.26,29-06-2024,5,High,6.1,Yes,Yes,Medium,Medium,27-07-2024,No,30,24,28
30,154,40.0,16.87,03-06-2024,5,Low,5.8,No,No,Medium,Medium,08-07-2024,No,34,28,25
27,148,66.2,30.22,25-08-2024,7,Medium,5.4,No,No,Medium,Low,27-09-2024,Yes,26,27,27
26,161,45.6,17.59,05-11-2025,4,Low,6.5,No,No,Light,Low,09-12-2025,No,29,34,32
40,162,82.3,31.36,26-08-2024,5,High,5.2,No,No,Medium,Low,25-09-2024,Yes,35,33,27
33,145,49.5,23.54,13-01-2024,6,High,7.4,No,No,Medium,Medium,06-02-2024,Yes,25,25,35
23,157,57.3,23.25,11-05-2025,7,Medium,4.9,No,Yes,Medium,Medium,13-06-2025,Yes,33,26,35
27,159,63.4,25.08,26-08-2025,4,Medium,7.5,No,No,Heavy,Low,29-09-2025,No,32,30,35
41,156,77.9,32.01,05-07-2024,3,High,4.9,No,Yes,Medium,Medium,10-08-2024,No,28,30,27
39,174,82.9,27.38,26-09-2024,6,Low,8.1,No,No,Heavy,High,20-10-2024,Yes,29,35,25
22,148,40.0,18.26,15-10-2024,5,Medium,8.3,Yes,No,Medium,Low,15-11-2024,No,35,27,35
45,163,74.9,28.19,05-01-2024,5,Low,7.2,No,No,Medium,Low,02-02-2024,Yes,35,28,29
30,161,63.3,24.42,29-05-2024,6,Medium,8.9,No,No,Heavy,High,01-07-2024,No,35,28,34
27,158,41.8,16.74,05-03-2025,7,Low,6.1,No,No,Heavy,Medium,01-04-2025,Yes,35,29,25
29,166,73.6,26.71,01-07-2025,5,High,6.5,No,No,Light,Medium,04-08-2025,No,27,32,35
24,169,56.9,19.92,13-01-2025,5,High,5.5,Yes,No,Medium,Medium,14-02-2025,No,34,25,30
42,164,65.8,24.46,16-09-2025,5,Low,7.1,Yes,No,Heavy,Medium,19-10-2025,No,33,28,26
19,170,72.3,25.02,02-08-2025,5,Low,6.4,No,Yes,Medium,Medium,31-08-2025,Yes,30,35,26
39,147,40.5,18.74,22-11-2024,5,High,8.9,No,Yes,Medium,Low,27-12-2024,Yes,35,26,28
39,165,71.5,26.26,08-05-2024,4,Low,7.1,No,Yes,Medium,Medium,05-06-2024,Yes,32,27,26
29,155,44.8,18.65,08-12-2025,6,High,4.5,No,No,Medium,Medium,12-01-2026,No,30,33,25
42,172,73.9,24.98,11-06-2025,5,High,5.3,No,No,Medium,Medium,17-07-2025,No,24,29,33
37,170,64.5,22.32,24-09-2025,6,Medium,7.6,No,No,Light,Low,27-10-2025,Yes,24,35,32
41,166,64.2,23.3,01-11-2025,6,Low,8.3,No,No,Light,Medium,03-12-2025,No,32,31,25
41,162,81.2,30.94,23-11-2025,5,High,7.2,No,No,Light,Low,26-12-2025,No,34,24,34
43,152,53.1,22.98,27-01-2026,4,Medium,8.8,No,No,Light,Low,22-02-2026,No,32,33,25
30,167,56.1,20.12,25-02-2024,3,High,8.3,No,No,Medium,Low,24-03-2024,No,27,31,31
30,151,49.8,21.84,12-04-2025,4,Medium,7.9,Yes,Yes,Heavy,Medium,15-05-2025,Yes,32,34,32
31,160,52.3,20.43,27-11-2025,6,Low,7.6,Yes,Yes,Light,Medium,02-01-2026,Yes,26,30,30
22,173,73.3,24.49,26-07-2025,5,High,6.1,No,No,Medium,High,21-08-2025,No,30,24,26
25,172,73.6,24.88,05-02-2025,6,Low,4.6,No,No,Light,Medium,14-03-2025,No,29,25,32
39,148,48.8,22.28,11-02-2025,4,Low,7.0,No,Yes,Light,Low,11-03-2025,No,31,26,26
44,158,58.8,23.55,12-02-2025,6,Medium,7.6,No,No,Heavy,Medium,18-03-2025,Yes,34,24,28
27,154,48.6,20.49,07-02-2025,7,Low,8.4,No,No,Heavy,Medium,06-03-2025,Yes,32,32,32
24,170,74.5,25.78,16-04-2024,3,High,7.2,No,No,Light,Low,18-05-2024,No,28,31,35
33,159,69.6,27.53,08-05-2025,4,Low,6.5,No,No,Light,Low,09-06-2025,No,24,25,26
29,158,51.8,20.75,11-10-2025,6,Low,4.9,Yes,No,Heavy,Low,15-11-2025,No,26,32,30
45,154,53.4,22.52,14-02-2025,5,Low,6.5,No,No,Heavy,Medium,13-03-2025,No,33,30,35
36,153,53.6,22.9,04-03-2024,5,High,8.9,Yes,No,Medium,Low,09-04-2024,No,35,32,24
34,153,65.5,27.98,14-07-2024,6,High,7.1,No,No,Light,Low,13-08-2024,Yes,31,29,27
23,151,61.8,27.1,09-03-2024,6,Low,7.9,No,No,Medium,Medium,09-04-2024,Yes,34,29,27
21,165,57.7,21.19,01-08-2024,7,Medium,8.7,Yes,No,Light,Medium,03-09-2024,No,29,34,30
31,175,75.7,24.72,27-03-2025,4,Low,5.6,Yes,No,Light,Medium,28-04-2025,No,31,27,31
18,152,40.0,17.31,15-06-2024,5,Medium,5.7,No,Yes,Heavy,Medium,22-07-2024,Yes,32,33,24
39,165,55.3,20.31,22-04-2024,4,High,7.9,No,No,Light,Medium,29-05-2024,Yes,27,33,28
41,153,53.2,22.73,14-12-2024,5,High,4.6,Yes,No,Heavy,Medium,20-01-2025,No,24,25,30
19,161,67.3,25.96,07-09-2025,6,High,6.0,Yes,No,Light,Medium,08-10-2025,Yes,24,30,35
31,145,54.5,25.92,23-02-2024,5,Medium,8.1,Yes,Yes,Heavy,Medium,23-03-2024,Yes,33,28,27
26,170,66.9,23.15,14-04-2024,5,Medium,8.2,No,No,Medium,Medium,12-05-2024,No,27,34,27
38,148,40.0,18.26,01-01-2024,5,Medium,5.3,Yes,No,Light,High,25-01-2024,No,35,29,27
45,166,70.0,25.4,03-08-2025,3,Medium,4.5,No,No,Light,High,08-09-2025,No,30,25,35
32,150,48.3,21.47,03-06-2024,4,Low,8.8,No,Yes,Medium,Low,10-07-2024,Yes,25,28,29
31,168,72.2,25.58,03-07-2025,5,Low,6.8,Yes,No,Medium,Medium,07-08-2025,No,26,33,30
27,146,47.6,22.33,13-04-2024,6,High,6.8,No,No,Light,Medium,17-05-2024,Yes,24,27,25
28,153,60.2,25.72,07-01-2025,5,Medium,7.5,No,No,Light,Medium,05-02-2025,Yes,28,32,28
18,174,80.5,26.59,20-09-2025,5,High,8.0,No,No,Medium,High,17-10-2025,No,24,29,27
20,158,66.4,26.6,27-01-2024,4,Medium,6.1,Yes,No,Light,Low,04-03-2024,No,31,25,26
34,160,55.4,21.64,13-03-2024,6,Medium,6.9,No,No,Medium,Low,12-04-2024,No,24,24,30
41,169,79.0,27.66,31-07-2024,4,Low,8.0,Yes,No,Light,Medium,29-08-2024,No,34,28,34
24,159,54.0,21.36,20-09-2025,6,Medium,6.2,No,No,Heavy,High,19-10-2025,No,24,32,35
36,161,61.8,23.84,20-01-2025,4,High,7.0,No,No,Heavy,High,18-02-2025,Yes,25,29,29
27,152,70.6,30.56,01-06-2024,7,Low,6.0,Yes,Yes,Medium,Low,05-07-2024,No,25,33,30
27,156,59.6,24.49,11-10-2025,3,High,8.7,No,No,Heavy,Low,10-11-2025,Yes,35,35,28
31,161,49.3,19.02,15-09-2024,4,Medium,4.7,No,No,Medium,High,18-10-2024,Yes,29,30,29
39,151,65.9,28.9,21-12-2024,6,Medium,7.8,No,No,Medium,Medium,17-01-2025,No,30,28,28
29,174,84.0,27.74,08-09-2025,4,High,6.8,No,No,Light,Medium,15-10-2025,No,28,33,30
19,146,57.4,26.93,07-01-2025,5,Medium,7.4,No,No,Heavy,Low,10-02-2025,No,24,29,25
32,157,59.0,23.94,30-04-2025,5,Medium,5.5,No,No,Medium,High,02-06-2025,No,24,28,34
34,170,73.5,25.43,05-05-2024,5,Medium,8.8,No,Yes,Medium,High,31-05-2024,No,26,34,28
34,153,50.7,21.66,28-04-2024,5,High,6.7,No,No,Heavy,Medium,25-05-2024,No,25,32,29
43,169,62.0,21.71,14-05-2025,5,High,7.7,No,No,Medium,High,08-06-2025,No,28,29,29
35,156,71.3,29.3,22-04-2025,5,Medium,4.9,No,No,Medium,Medium,23-05-2025,No,35,34,28
32,146,42.3,19.84,06-05-2025,6,Medium,5.8,No,No,Light,Medium,08-06-2025,Yes,33,31,33
19,166,61.2,22.21,10-05-2025,4,Low,8.6,No,No,Heavy,Medium,13-06-2025,No,29,25,30
39,172,67.6,22.85,15-11-2024,6,High,4.6,No,No,Light,Medium,14-12-2024,Yes,30,35,33
37,154,72.6,30.61,28-03-2024,3,Medium,6.1,No,No,Heavy,Medium,30-04-2024,Yes,27,32,31
36,173,81.8,27.33,27-05-2024,6,High,5.4,Yes,Yes,Medium,Low,02-07-2024,No,30,28,30
18,146,42.3,19.84,14-04-2024,5,Medium,6.0,Yes,No,Heavy,Low,16-05-2024,Yes,34,30,28
31,146,45.5,21.35,16-12-2024,5,Low,7.3,No,No,Light,Medium,15-01-2025,No,31,33,24
44,157,62.1,25.19,28-01-2026,4,Medium,8.4,No,No,Heavy,Low,26-02-2026,No,34,24,28
28,170,78.8,27.27,28-09-2024,7,Medium,6.9,No,No,Medium,Medium,27-10-2024,No,24,33,33
38,151,40.0,17.54,05-05-2025,7,Low,8.6,Yes,No,Heavy,Medium,31-05-2025,No,29,28,25
44,160,69.0,26.95,09-12-2025,6,Medium,7.7,No,Yes,Medium,Medium,03-01-2026,Yes,31,35,28
45,148,45.8,20.91,14-06-2024,6,Medium,8.7,Yes,No,Heavy,Low,12-07-2024,No,28,33,28
26,172,65.1,22.01,12-06-2025,6,Medium,5.2,No,No,Heavy,Low,16-07-2025,No,27,25,25
41,155,51.1,21.27,24-01-2024,3,High,8.4,Yes,No,Light,Low,27-02-2024,No,25,35,28
19,167,74.9,26.86,29-07-2024,5,High,7.9,No,No,Medium,Low,23-08-2024,No,29,29,27
22,158,75.6,30.28,24-06-2025,4,High,8.7,No,No,Medium,High,27-07-2025,No,29,34,24
43,170,71.5,24.74,05-01-2025,3,Medium,4.7,Yes,No,Heavy,Low,29-01-2025,Yes,34,24,26
30,174,79.6,26.29,30-05-2024,5,High,4.9,No,No,Heavy,Low,30-06-2024,No,24,26,24
37,164,55.9,20.78,07-12-2025,7,High,4.5,No,No,Medium,High,06-01-2026,No,32,28,35
40,167,71.9,25.78,10-07-2025,7,Low,4.5,No,No,Heavy,High,13-08-2025,Yes,35,27,34
28,162,70.2,26.75,28-01-2024,5,Low,5.6,Yes,No,Heavy,Low,05-03-2024,Yes,34,26,28
25,161,46.1,17.78,24-06-2025,4,Medium,7.1,Yes,No,Heavy,High,21-07-2025,No,29,33,27
35,151,45.9,20.13,01-11-2024,5,Low,6.3,No,No,Light,Low,03-12-2024,No,26,28,30
33,167,74.9,26.86,20-10-2025,4,Medium,5.1,No,No,Light,High,18-11-2025,No,27,34,28
18,174,56.4,18.63,03-04-2024,6,High,7.9,No,No,Medium,Medium,03-05-2024,No,35,31,33
36,172,68.3,23.09,13-12-2025,6,Medium,5.1,No,No,Medium,Low,22-01-2026,Yes,34,34,27
25,145,51.0,24.26,24-09-2024,5,Low,8.9,Yes,No,Medium,Low,29-10-2024,No,27,27,25
30,173,56.1,18.74,14-06-2025,6,Medium,5.9,Yes,No,Medium,Low,13-07-2025,No,26,24,27
34,151,47.0,20.61,10-01-2025,4,Low,4.7,No,No,Medium,Low,11-02-2025,Yes,33,34,35
18,170,70.5,24.39,20-06-2024,6,High,5.3,No,No,Medium,Medium,26-07-2024,No,26,30,25
30,173,81.9,27.36,30-12-2024,5,Medium,4.6,No,No,Light,Medium,01-02-2025,No,26,31,31
27,161,48.2,18.59,16-08-2024,5,Medium,5.5,No,No,Medium,Medium,21-09-2024,No,27,26,26
32,169,80.1,28.05,29-06-2025,7,Low,7.5,No,No,Medium,High,31-07-2025,No,30,29,32
42,158,61.1,24.48,08-07-2025,5,Low,6.1,No,Yes,Light,Medium,06-08-2025,No,27,25,27
20,159,71.0,28.08,29-05-2025,6,High,4.6,No,No,Light,Low,04-07-2025,No,32,30,29
34,146,57.6,27.02,03-12-2024,4,Medium,6.0,No,No,Light,High,02-01-2025,Yes,24,31,33
29,175,78.4,25.6,13-10-2025,3,Low,6.0,No,Yes,Light,Medium,17-11-2025,No,31,29,28
23,162,66.9,25.49,16-08-2024,7,Low,5.7,No,No,Medium,Low,14-09-2024,No,30,29,33
39,147,40.0,18.51,19-09-2025,6,Medium,7.8,No,No,Medium,Medium,19-10-2025,No,25,28,24
34,146,40.0,18.77,18-07-2024,6,Medium,5.1,No,No,Medium,Medium,17-08-2024,No,31,31,32
27,172,61.9,20.92,02-09-2024,5,High,7.0,Yes,No,Medium,Low,02-10-2024,No,24,24,24
29,164,60.5,22.49,14-02-2025,4,Medium,4.6,Yes,Yes,Medium,Low,14-03-2025,No,34,33,31
28,145,54.3,25.83,27-01-2026,3,High,6.6,No,No,Medium,High,26-02-2026,No,35,27,32
18,164,46.2,17.18,20-08-2024,6,Low,8.0,No,No,Heavy,Medium,18-09-2024,No,32,27,32
26,155,51.8,21.56,23-07-2024,6,Low,6.0,No,Yes,Heavy,Medium,28-08-2024,No,32,26,24
22,173,59.8,19.98,14-06-2025,4,Medium,5.0,No,No,Light,Low,13-07-2025,No,25,26,25
23,150,40.0,17.78,19-05-2025,5,Medium,7.0,Yes,No,Medium,Medium,22-06-2025,No,30,27,35
29,165,79.8,29.31,30-12-2024,5,High,8.9,No,No,Medium,Medium,03-02-2025,Yes,33,34,24
35,164,65.0,24.17,18-01-2026,5,High,7.7,No,No,Heavy,Medium,22-02-2026,No,26,24,33
32,153,69.4,29.65,30-01-2024,5,Medium,6.6,No,No,Medium,High,06-03-2024,Yes,30,34,25
28,146,57.8,27.12,29-01-2024,5,Medium,7.2,No,No,Medium,Low,28-02-2024,No,35,34,33
38,171,61.8,21.13,13-10-2024,3,Low,6.1,No,No,Light,Medium,16-11-2024,Yes,33,25,35
34,158,40.0,16.02,28-04-2025,4,Medium,6.3,No,Yes,Heavy,Low,01-06-2025,No,32,32,31
25,160,80.7,31.52,22-09-2024,4,Medium,8.2,Yes,No,Light,Low,28-10-2024,No,27,33,28
33,160,55.9,21.84,17-07-2024,5,Low,8.5,No,No,Medium,High,16-08-2024,Yes,35,25,35
44,166,54.6,19.81,10-12-2025,5,Medium,6.9,No,No,Light,Medium,05-01-2026,No,24,28,34
36,162,68.9,26.25,11-09-2025,7,Low,7.9,No,No,Light,Medium,17-10-2025,Yes,25,32,30
34,154,55.4,23.36,18-12-2024,7,High,8.3,No,Yes,Light,Low,18-01-2025,Yes,24,32,25
32,170,63.3,21.9,02-04-2025,5,Medium,7.2,No,No,Heavy,Low,04-05-2025,No,35,31,31
33,146,42.5,19.94,10-01-2026,5,Medium,8.6,No,Yes,Medium,Medium,10-02-2026,No,28,24,34
31,147,48.6,22.49,23-12-2024,5,Medium,7.2,No,No,Medium,Medium,23-01-2025,Yes,28,24,29
37,170,70.7,24.46,08-01-2025,5,Medium,6.9,No,No,Light,Low,08-02-2025,No,34,32,31
27,151,58.6,25.7,23-03-2024,5,Low,7.8,No,No,Medium,Low,28-04-2024,No,30,34,24
31,145,41.5,19.74,13-08-2024,6,High,7.3,No,No,Medium,Medium,08-09-2024,Yes,32,31,24
42,173,69.6,23.26,14-04-2024,6,Low,8.5,No,No,Medium,High,18-05-2024,No,32,33,35
21,145,51.0,24.26,20-08-2024,6,High,8.0,No,No,Medium,High,14-09-2024,Yes,26,32,30
25,153,56.1,23.97,26-04-2025,5,Low,6.9,No,Yes,Medium,High,28-05-2025,Yes,26,30,31
35,174,84.9,28.04,20-07-2024,5,High,7.7,No,No,Light,Low,29-08-2024,No,26,26,26
28,151,48.5,21.27,11-12-2024,5,Medium,8.5,No,No,Medium,High,14-01-2025,No,27,26,28
18,173,72.0,24.06,28-07-2024,5,Low,6.4,No,No,Medium,Medium,28-08-2024,No,31,25,35
19,161,49.4,19.06,09-05-2025,6,High,6.0,No,Yes,Medium,Medium,15-06-2025,No,29,28,24
29,173,88.0,29.4,01-10-2025,6,High,8.3,No,No,Medium,Medium,29-10-2025,No,31,35,30
45,145,40.0,19.02,16-09-2025,5,Low,4.9,No,No,Heavy,Medium,12-10-2025,No,24,35,28
22,162,64.0,24.39,02-01-2024,4,High,6.9,No,No,Medium,High,07-02-2024,Yes,31,26,31
24,166,57.1,20.72,05-05-2025,6,Low,4.7,No,No,Light,Low,04-06-2025,No,27,29,31
45,146,49.4,23.18,30-10-2025,5,Low,7.7,No,No,Light,Low,29-11-2025,Yes,34,25,32
35,152,59.4,25.71,18-12-2024,7,High,8.7,Yes,No,Medium,Low,20-01-2025,No,24,35,30
32,149,40.0,18.02,20-10-2025,5,High,8.8,No,No,Medium,Medium,20-11-2025,Yes,31,26,34
30,150,47.9,21.29,27-03-2024,4,High,6.2,No,No,Medium,Low,02-05-2024,Yes,27,28,24
29,173,55.4,18.51,07-11-2025,6,High,8.3,No,No,Light,Medium,10-12-2025,No,29,35,26
30,160,74.0,28.91,02-05-2024,3,Low,7.4,Yes,Yes,Medium,Medium,27-05-2024,No,31,34,31
34,150,45.6,20.27,01-02-2025,4,High,5.5,No,No,Light,Low,02-03-2025,No,27,34,26
35,175,59.2,19.33,29-12-2025,5,Low,4.8,No,No,Light,Low,31-01-2026,No,26,24,31
44,175,68.0,22.2,23-07-2024,5,Low,7.2,No,No,Heavy,Medium,26-08-2024,Yes,32,24,24
44,162,75.1,28.62,04-05-2025,4,Low,6.1,No,No,Heavy,Low,29-05-2025,Yes,26,33,28
18,174,88.9,29.36,01-07-2024,3,High,8.4,No,Yes,Medium,Low,29-07-2024,Yes,32,32,27
29,165,77.7,28.54,20-03-2025,5,Medium,8.7,No,Yes,Heavy,Low,17-04-2025,No,25,30,28
19,146,40.0,18.77,13-10-2025,6,Low,7.0,No,No,Heavy,Medium,10-11-2025,No,25,24,31
26,175,73.5,24.0,06-12-2024,7,Medium,7.3,No,No,Medium,Medium,06-01-2025,No,25,35,33
38,150,66.3,29.47,29-03-2024,5,Medium,5.1,No,No,Medium,Low,28-04-2024,Yes,29,31,27
19,169,61.7,21.6,09-01-2026,5,High,6.0,No,Yes,Medium,Low,01-02-2026,No,26,26,34
33,174,70.7,23.35,09-02-2025,6,Medium,8.1,Yes,No,Medium,Low,14-03-2025,No,32,31,27
40,145,40.0,19.02,19-04-2025,6,Low,6.7,No,No,Light,Medium,24-05-2025,No,27,28,26
42,152,40.4,17.49,15-02-2025,4,Medium,5.9,No,No,Heavy,Medium,21-03-2025,No,24,24,30
39,161,73.1,28.2,31-01-2026,4,High,6.9,No,No,Medium,High,03-03-2026,No,27,30,26
20,161,67.3,25.96,27-03-2024,4,Medium,6.8,Yes,No,Medium,Medium,28-04-2024,Yes,24,28,35
30,169,73.5,25.73,12-01-2026,4,High,6.6,Yes,No,Heavy,Medium,08-02-2026,No,28,29,26
22,157,62.8,25.48,11-06-2024,5,Medium,6.6,Yes,Yes,Medium,Medium,10-07-2024,No,27,29,34
30,167,77.2,27.68,23-06-2024,4,Low,7.0,No,No,Light,Medium,29-07-2024,Yes,31,31,33
41,148,63.1,28.81,10-05-2024,3,Medium,8.8,Yes,No,Light,Low,10-06-2024,Yes,31,32,28
38,165,64.9,23.84,29-01-2024,7,Medium,8.4,No,No,Medium,Low,02-03-2024,Yes,30,25,28
29,149,45.6,20.54,03-06-2024,5,Medium,6.9,No,No,Medium,Medium,03-07-2024,Yes,26,32,29
35,151,40.8,17.89,27-08-2025,3,Medium,4.7,No,No,Light,Low,24-09-2025,No,24,35,31
36,150,60.8,27.02,21-04-2025,6,Low,8.4,No,No,Light,Medium,17-05-2025,No,24,34,33
42,159,53.9,21.32,02-11-2025,4,Low,7.4,No,No,Medium,Medium,01-12-2025,No,35,33,29
39,165,50.1,18.4,29-05-2024,5,High,5.1,Yes,No,Heavy,Medium,01-07-2024,Yes,34,32,35
36,151,48.3,21.18,18-09-2025,5,High,8.4,No,Yes,Heavy,Low,19-10-2025,No,26,33,24
43,152,52.2,22.59,02-09-2025,6,Medium,6.8,Yes,No,Light,Medium,27-09-2025,No,29,33,31
40,151,59.3,26.01,30-04-2025,7,High,5.5,No,No,Medium,Medium,30-05-2025,Yes,30,30,31
36,160,70.0,27.34,04-11-2025,4,Medium,8.1,No,No,Medium,High,01-12-2025,No,29,24,32
23,150,42.7,18.98,24-12-2024,3,Medium,5.7,No,Yes,Medium,High,21-01-2025,No,29,30,32
25,165,57.0,20.94,08-06-2024,4,High,8.2,No,No,Light,High,10-07-2024,No,29,33,25
41,146,42.7,20.03,15-07-2025,5,Medium,7.3,Yes,No,Heavy,Low,19-08-2025,No,26,28,25
23,159,46.9,18.55,15-07-2025,4,Low,6.0,Yes,No,Light,Medium,16-08-2025,Yes,29,29,26
23,156,54.9,22.56,14-05-2024,5,Medium,5.9,No,No,Medium,Low,15-06-2024,No,31,33,24
24,169,73.6,25.77,22-01-2024,5,High,5.7,Yes,Yes,Heavy,Medium,25-02-2024,No,34,30,27
34,175,75.4,24.62,15-01-2024,7,Low,5.2,No,No,Medium,High,20-02-2024,No,34,28,27
28,161,44.9,17.32,13-01-2026,7,High,5.6,No,No,Medium,Low,12-02-2026,No,25,30,32
40,171,59.1,20.21,27-10-2025,5,Low,6.1,No,No,Medium,Medium,01-12-2025,No,28,32,32
32,171,83.9,28.69,15-04-2024,5,Medium,5.7,No,No,Medium,Medium,20-05-2024,Yes,24,26,32
22,174,63.9,21.11,23-06-2025,6,High,6.4,Yes,No,Medium,High,23-07-2025,Yes,35,31,33
32,160,67.4,26.33,22-05-2024,6,Low,6.0,No,No,Medium,Low,26-06-2024,No,24,25,30
24,158,64.3,25.76,20-03-2025,6,High,8.2,No,No,Medium,Medium,18-04-2025,Yes,28,34,25
31,156,52.8,21.7,18-07-2024,5,Medium,6.9,Yes,No,Medium,Low,14-08-2024,No,35,30,33
20,160,50.0,19.53,04-08-2024,3,High,5.3,No,No,Medium,High,02-09-2024,No,26,25,28
30,160,62.1,24.26,29-01-2024,4,Medium,7.0,No,No,Heavy,Low,06-03-2024,No,27,27,27
40,166,57.1,20.72,14-09-2024,4,Low,5.6,No,No,Light,Low,08-10-2024,No,26,30,35
42,146,44.2,20.74,05-08-2024,5,Medium,7.8,No,No,Medium,Low,06-09-2024,No,24,26,34
45,152,53.1,22.98,26-10-2024,5,High,6.5,No,Yes,Light,Low,23-11-2024,No,24,25,31
45,146,40.0,18.77,28-05-2025,4,Medium,8.8,No,Yes,Medium,Low,02-07-2025,No,35,34,25
41,170,67.7,23.43,03-09-2024,6,Medium,4.9,Yes,No,Heavy,Medium,05-10-2024,No,35,33,29
34,174,70.9,23.42,23-08-2025,5,Low,5.2,No,No,Medium,High,18-09-2025,No,28,30,28
32,171,58.6,20.04,29-11-2024,5,High,7.7,Yes,No,Medium,Low,02-01-2025,No,29,24,35
23,172,70.1,23.7,22-09-2024,5,Medium,5.5,No,Yes,Heavy,Low,15-10-2024,No,26,31,25
26,160,53.6,20.94,11-07-2025,5,Medium,4.7,No,No,Light,Medium,14-08-2025,Yes,35,26,34
27,159,40.8,16.14,05-03-2025,5,High,7.0,No,Yes,Medium,Medium,02-04-2025,Yes,32,35,33
30,165,61.6,22.63,14-05-2024,5,High,8.6,No,No,Medium,Medium,12-06-2024,Yes,28,35,24
41,159,56.2,22.23,03-03-2024,6,Low,6.6,Yes,No,Light,Medium,09-04-2024,Yes,31,25,31
25,148,42.0,19.17,27-01-2026,5,High,6.8,No,No,Light,Medium,28-02-2026,Yes,24,26,25
32,172,51.4,17.37,28-12-2024,5,High,4.5,Yes,No,Light,High,27-01-2025,No,28,28,30
24,161,68.8,26.54,14-04-2025,6,High,8.1,No,No,Heavy,High,18-05-2025,Yes,26,34,32
20,167,73.8,26.46,09-11-2025,5,Medium,9.0,No,No,Light,High,14-12-2025,Yes,35,31,32
23,172,78.5,26.53,20-08-2025,4,Medium,4.7,No,Yes,Medium,Low,17-09-2025,No,24,33,31
40,153,56.2,24.01,13-06-2025,5,Low,5.3,Yes,No,Medium,Medium,21-07-2025,Yes,27,30,34
35,157,44.4,18.01,06-03-2025,6,Medium,5.3,No,No,Medium,Medium,07-04-2025,No,28,30,35
32,161,62.2,24.0,28-05-2025,5,Low,8.2,No,No,Light,Medium,27-06-2025,Yes,30,35,33
27,166,56.7,20.58,13-05-2024,5,Medium,8.9,No,No,Light,High,15-06-2024,Yes,24,30,32
21,152,73.9,31.99,28-06-2025,3,High,8.7,No,Yes,Medium,High,26-07-2025,No,26,31,25
33,161,55.8,21.53,04-06-2024,3,High,5.5,No,Yes,Light,Low,06-07-2024,No,25,24,29
38,150,56.7,25.2,20-06-2025,4,Low,6.0,No,No,Heavy,Medium,28-07-2025,No,32,27,27
18,152,40.0,17.31,06-06-2025,7,Medium,7.6,No,No,Heavy,Low,04-07-2025,No,33,29,27
21,161,49.2,18.98,20-01-2024,4,High,5.6,No,No,Light,Medium,24-02-2024,No,29,32,28
39,161,55.6,21.45,26-03-2025,5,High,8.6,No,No,Light,Low,23-04-2025,Yes,33,25,35
24,158,65.0,26.04,06-07-2024,5,Low,6.3,No,No,Medium,High,07-08-2024,Yes,26,24,26
38,156,61.5,25.27,15-09-2025,6,Medium,5.6,Yes,No,Light,Medium,14-10-2025,No,31,33,24
18,171,73.9,25.27,05-01-2024,7,Medium,5.3,No,No,Medium,Low,11-02-2024,No,31,35,31
38,163,44.5,16.75,02-06-2024,5,Low,8.8,Yes,No,Light,Medium,30-06-2024,No,25,25,28
19,154,65.3,27.53,25-06-2024,3,High,5.1,No,No,Heavy,Medium,27-07-2024,No,29,30,26
39,157,47.7,19.35,24-05-2024,5,Medium,8.9,Yes,No,Heavy,High,16-06-2024,No,30,26,33
20,175,91.2,29.78,29-04-2025,6,Medium,4.9,Yes,No,Light,Medium,26-05-2025,No,25,33,30
29,154,72.7,30.65,25-09-2025,5,Medium,8.2,Yes,No,Light,Medium,26-10-2025,Yes,34,25,30
33,147,55.3,25.59,12-01-2026,3,High,5.9,Yes,No,Medium,Medium,14-02-2026,No,33,34,24
29,146,55.9,26.22,03-05-2024,7,Low,8.6,No,No,Light,Medium,30-05-2024,No,25,30,35
22,149,40.0,18.02,23-07-2025,6,Medium,8.7,No,No,Medium,Low,23-08-2025,No,33,25,32
26,147,72.8,33.69,04-03-2024,6,Low,8.7,Yes,No,Heavy,Low,03-04-2024,No,24,26,25
31,175,77.2,25.21,29-11-2024,4,Medium,5.7,No,No,Heavy,Medium,27-12-2024,No,31,34,28
29,169,79.0,27.66,29-11-2025,6,Medium,4.8,No,No,Light,Low,29-12-2025,Yes,24,30,28
25,150,41.4,18.4,14-06-2025,4,Medium,8.9,Yes,No,Medium,High,18-07-2025,No,32,27,31
39,147,46.3,21.43,27-06-2025,4,Medium,7.2,No,Yes,Heavy,Low,01-08-2025,No,34,24,31
25,162,50.1,19.09,22-07-2025,3,Medium,5.5,No,No,Medium,High,21-08-2025,No,29,28,30
39,153,50.6,21.62,09-05-2025,4,Low,6.7,No,No,Medium,Low,13-06-2025,Yes,30,35,30
37,147,47.2,21.84,18-04-2024,6,Low,8.6,No,No,Medium,Medium,21-05-2024,No,33,32,35
25,169,71.6,25.07,27-07-2025,6,Low,4.9,No,No,Medium,Low,31-08-2025,No,30,31,34
40,174,88.0,29.07,28-02-2024,5,High,7.2,No,No,Light,Low,30-03-2024,Yes,33,35,29
31,175,79.8,26.06,11-09-2024,5,Low,4.6,No,No,Light,Low,19-10-2024,No,26,32,29
36,169,71.4,25.0,14-07-2024,4,Low,6.3,No,No,Light,Low,09-08-2024,Yes,25,33,34
21,162,62.4,23.78,10-10-2024,4,High,7.5,No,No,Medium,Medium,10-11-2024,Yes,32,32,32
35,159,79.1,31.29,13-02-2024,4,Medium,6.3,No,No,Medium,High,16-03-2024,No,31,30,29
19,151,45.2,19.82,10-04-2024,6,Medium,7.8,No,No,Light,Low,09-05-2024,No,35,27,35
26,165,76.9,28.25,03-06-2025,5,Low,6.4,No,No,Light,Low,06-07-2025,No,33,28,25
38,171,51.4,17.58,08-04-2025,3,Medium,7.0,No,No,Light,Medium,07-05-2025,No,30,24,25
33,155,46.2,19.23,29-07-2025,4,Medium,6.2,Yes,No,Heavy,Medium,05-09-2025,No,32,24,28
28,170,74.1,25.64,29-01-2024,5,Medium,6.7,Yes,No,Light,Low,01-03-2024,Yes,27,26,27
36,152,50.4,21.81,05-03-2024,4,Medium,6.4,No,No,Medium,Medium,11-04-2024,Yes,27,31,34
45,168,98.1,34.76,29-03-2025,4,Low,5.6,No,No,Heavy,Medium,04-05-2025,No,24,25,25
45,164,89.8,33.39,29-11-2024,5,High,5.1,No,No,Heavy,Medium,30-12-2024,No,31,27,26
35,175,59.8,19.53,19-09-2025,6,Low,7.6,No,No,Light,Medium,26-10-2025,No,35,25,30
44,147,40.0,18.51,01-06-2025,4,Medium,5.4,No,No,Medium,Low,07-07-2025,No,26,28,31
25,154,52.6,22.18,12-09-2025,5,Low,4.6,No,No,Medium,Medium,16-10-2025,Yes,30,32,35
18,150,67.4,29.96,08-06-2025,6,Medium,8.8,No,No,Light,High,18-07-2025,No,35,24,29
26,156,67.4,27.7,23-07-2024,5,Medium,5.2,No,Yes,Light,Low,29-08-2024,Yes,25,28,34
31,166,69.3,25.15,10-12-2025,5,Low,5.0,No,No,Medium,Medium,08-01-2026,No,25,32,28
42,166,51.9,18.83,10-10-2024,6,Medium,7.1,Yes,No,Light,Low,12-11-2024,No,30,24,24
30,160,51.6,20.16,08-04-2025,6,Medium,6.3,No,No,Heavy,Medium,12-05-2025,No,29,32,31
35,153,40.0,17.09,04-06-2025,3,Medium,7.8,No,No,Heavy,Medium,29-06-2025,No,26,31,26
20,174,58.7,19.39,30-06-2025,5,High,7.0,No,No,Heavy,Medium,01-08-2025,Yes,32,27,29
21,172,76.3,25.79,04-05-2025,4,Medium,7.1,No,No,Light,Medium,04-06-2025,Yes,33,35,26
18,147,54.9,25.41,03-06-2025,4,Medium,7.5,No,No,Heavy,Medium,08-07-2025,No,29,34,30
44,166,53.0,19.23,10-09-2024,3,Medium,5.2,No,No,Medium,High,14-10-2024,No,33,33,30
35,169,70.1,24.54,16-12-2025,4,High,8.0,Yes,No,Light,High,16-01-2026,Yes,33,28,35
29,148,64.3,29.36,19-06-2025,6,Medium,6.3,No,No,Medium,Medium,24-07-2025,Yes,29,28,32
19,167,68.7,24.63,22-09-2024,4,Medium,7.8,Yes,No,Medium,Medium,21-10-2024,No,24,34,28
23,167,64.0,22.95,26-07-2025,3,High,6.9,No,No,Medium,Medium,28-08-2025,Yes,27,35,31
23,174,80.2,26.49,26-07-2024,4,Medium,5.0,No,No,Light,Medium,23-08-2024,No,33,29,33
40,154,59.3,25.0,03-04-2025,6,Low,5.5,No,No,Heavy,High,30-04-2025,No,29,30,33
34,148,48.9,22.32,20-05-2024,5,Medium,6.3,No,No,Heavy,High,19-06-2024,Yes,29,31,31
27,170,64.7,22.39,02-03-2025,5,High,4.5,No,No,Heavy,Medium,07-04-2025,Yes,34,31,24
45,175,70.8,23.12,04-05-2024,5,Medium,6.9,Yes,No,Light,High,05-06-2024,No,35,34,35
37,153,54.0,23.07,05-02-2025,5,Low,4.9,No,No,Light,Low,05-03-2025,No,28,25,28
29,167,61.6,22.09,28-03-2025,6,Medium,6.8,No,No,Medium,Medium,23-04-2025,No,24,32,26
36,168,81.4,28.84,19-11-2024,5,High,8.9,No,Yes,Heavy,Low,15-12-2024,No,31,30,24
38,151,60.0,26.31,15-03-2024,5,Medium,8.6,No,No,Medium,Medium,08-04-2024,No,28,27,27
20,150,60.9,27.07,18-11-2025,4,Medium,7.4,Yes,No,Heavy,Medium,15-12-2025,No,35,27,31
33,174,94.3,31.15,03-09-2024,7,Low,4.8,No,No,Medium,Low,01-10-2024,No,35,34,26
26,168,83.8,29.69,14-03-2025,6,Medium,6.4,No,No,Medium,Low,16-04-2025,No,35,31,33
44,145,59.2,28.16,15-03-2024,5,High,6.0,No,No,Medium,Medium,13-04-2024,Yes,28,27,25
38,156,59.8,24.57,05-08-2024,5,High,5.4,No,No,Medium,Medium,07-09-2024,No,30,29,34
43,158,56.1,22.47,16-11-2025,5,Low,8.3,No,No,Heavy,Medium,16-12-2025,No,27,28,32
34,173,96.1,32.11,06-11-2024,3,High,6.1,Yes,No,Light,Medium,06-12-2024,No,29,26,33
28,155,48.3,20.1,05-05-2024,4,Medium,5.7,No,No,Light,Medium,01-06-2024,No,27,33,28
18,149,42.9,19.32,07-06-2024,5,High,8.0,No,No,Medium,Low,11-07-2024,Yes,26,34,30
44,171,62.4,21.34,03-01-2026,5,Low,5.3,No,No,Light,Low,02-02-2026,No,30,25,34
31,161,63.2,24.38,20-10-2025,6,Low,7.6,Yes,No,Light,High,24-11-2025,Yes,31,32,34
20,147,51.2,23.69,07-11-2025,5,Medium,5.9,No,No,Medium,High,07-12-2025,No,27,33,25
40,150,60.3,26.8,09-01-2025,6,Medium,7.2,Yes,No,Medium,Medium,09-02-2025,Yes,25,32,32
21,160,57.8,22.58,26-05-2024,5,High,6.3,No,No,Heavy,Low,26-06-2024,Yes,35,24,32
27,168,50.7,17.96,16-09-2024,5,Medium,8.5,No,No,Medium,Medium,15-10-2024,Yes,33,33,27
39,167,70.2,25.17,20-05-2024,5,High,5.5,No,No,Medium,Low,13-06-2024,No,26,26,27
33,174,83.8,27.68,23-04-2025,7,Medium,8.6,No,No,Medium,Medium,25-05-2025,No,24,31,29
38,169,69.4,24.3,12-08-2024,7,Medium,4.9,No,No,Medium,Medium,14-09-2024,No,31,29,33
31,165,63.7,23.4,06-04-2024,6,Low,4.7,No,No,Medium,Medium,11-05-2024,No,26,28,33
24,165,70.7,25.97,11-02-2025,5,High,9.0,No,No,Light,High,08-03-2025,No,35,28,33
27,161,75.4,29.09,13-05-2025,4,Medium,6.3,No,No,Medium,Medium,16-06-2025,Yes,33,29,29
27,163,62.4,23.49,15-06-2024,3,Low,6.9,No,No,Medium,Low,14-07-2024,No,30,30,35
27,146,40.0,18.77,14-11-2025,6,High,5.1,Yes,No,Light,Low,12-12-2025,Yes,33,24,24
22,159,53.4,21.12,17-08-2024,4,High,8.7,No,No,Medium,Medium,18-09-2024,No,28,32,32
26,171,69.4,23.73,14-06-2024,5,High,6.7,No,No,Medium,Low,13-07-2024,Yes,33,26,25
30,174,56.0,18.5,24-12-2025,6,High,8.0,Yes,No,Medium,Medium,21-01-2026,No,28,27,28
20,172,79.7,26.94,17-03-2025,4,Medium,7.4,No,No,Light,Low,21-04-2025,Yes,30,33,32
22,169,61.4,21.5,11-06-2025,6,Low,5.4,No,No,Medium,Medium,14-07-2025,No,32,24,27
40,150,55.1,24.49,17-02-2025,4,Medium,7.4,No,No,Medium,High,16-03-2025,No,35,34,34
23,154,56.0,23.61,13-12-2024,6,Low,5.6,Yes,No,Medium,Medium,11-01-2025,No,28,33,26
45,145,41.9,19.93,07-03-2025,6,Low,7.4,No,No,Medium,Medium,06-04-2025,Yes,24,26,30
33,149,65.3,29.41,19-07-2024,4,Low,6.9,No,No,Heavy,Medium,16-08-2024,No,33,25,29
21,165,59.4,21.82,31-12-2024,5,Low,4.8,No,No,Medium,Low,25-01-2025,No,33,25,31
23,161,54.3,20.95,22-11-2024,5,Medium,6.0,Yes,Yes,Light,Medium,20-12-2024,No,24,24,26
36,157,59.9,24.3,04-04-2024,5,Medium,5.1,No,No,Medium,High,07-05-2024,No,25,31,28
40,159,67.4,26.66,09-01-2026,6,Medium,5.9,No,Yes,Light,Low,15-02-2026,No,29,26,33
32,145,45.0,21.4,09-01-2025,5,High,8.1,No,No,Heavy,Medium,12-02-2025,No,32,26,27
32,174,64.2,21.2,20-01-2024,5,Medium,4.5,No,No,Medium,Low,21-02-2024,No,31,29,27
22,155,61.9,25.76,12-12-2024,5,Medium,5.5,No,No,Light,High,06-01-2025,No,28,31,27
37,172,78.1,26.4,21-07-2025,4,Low,8.3,No,No,Medium,Low,27-08-2025,No,24,32,33
36,162,82.8,31.55,14-04-2025,5,High,5.1,No,No,Light,Medium,12-05-2025,Yes,30,32,31
30,163,60.8,22.88,27-03-2025,5,Low,5.8,No,No,Medium,Low,26-04-2025,Yes,28,27,29
23,165,67.1,24.65,21-12-2025,6,Medium,6.1,No,Yes,Heavy,Medium,26-01-2026,No,29,28,26
43,168,62.3,22.07,19-01-2024,5,Low,7.5,Yes,Yes,Heavy,High,16-02-2024,No,30,25,33
32,172,57.1,19.3,28-01-2025,7,High,8.9,No,No,Light,High,04-03-2025,No,26,34,28
41,168,68.8,24.38,05-12-2024,5,High,6.7,No,Yes,Light,High,10-01-2025,No,35,32,29
23,155,63.5,26.43,13-06-2025,5,Medium,7.0,No,Yes,Medium,Medium,07-07-2025,Yes,33,31,28
42,169,58.9,20.62,30-09-2025,4,Medium,8.8,No,No,Medium,Low,05-11-2025,Yes,26,26,29
29,168,61.3,21.72,29-10-2024,6,High,7.7,No,No,Medium,Low,24-11-2024,No,28,34,31
44,162,50.3,19.17,08-06-2025,3,Medium,6.0,No,No,Medium,Medium,06-07-2025,No,29,35,30
39,153,66.4,28.37,06-03-2024,4,Low,8.1,Yes,No,Light,Medium,09-04-2024,No,32,32,28
20,166,59.7,21.66,25-04-2024,5,Low,6.0,No,No,Medium,Medium,22-05-2024,Yes,35,26,33
34,151,56.8,24.91,22-08-2024,6,Medium,5.1,No,No,Medium,Low,25-09-2024,No,28,32,29
27,153,44.4,18.97,17-04-2024,5,Medium,5.8,No,Yes,Medium,Low,13-05-2024,No,24,25,27
37,155,55.8,23.23,27-03-2024,5,Low,6.2,No,No,Medium,Medium,28-04-2024,No,27,35,35
20,148,41.7,19.04,28-09-2024,6,Low,6.8,No,No,Medium,Low,01-11-2024,No,28,33,32
36,170,46.5,16.09,05-10-2024,6,Medium,5.8,No,No,Medium,High,07-11-2024,Yes,35,32,27
28,175,75.8,24.75,10-02-2024,3,Medium,8.0,Yes,No,Medium,Low,07-03-2024,No,33,31,24
22,168,73.3,25.97,04-07-2024,4,Medium,6.3,No,Yes,Light,Medium,29-07-2024,No,33,32,30
21,147,40.0,18.51,03-10-2024,5,High,8.8,No,No,Light,Medium,03-11-2024,Yes,28,28,30
22,167,65.3,23.41,12-05-2024,6,Low,8.7,Yes,No,Medium,Medium,17-06-2024,No,30,34,27
26,145,40.7,19.36,08-03-2025,6,Low,8.2,No,No,Heavy,Medium,09-04-2025,No,27,34,26
25,162,51.2,19.51,23-11-2025,6,Medium,9.0,No,No,Medium,High,27-12-2025,No,24,25,31
28,150,47.5,21.11,21-09-2024,4,High,5.6,No,Yes,Medium,Low,15-10-2024,No,28,31,28
44,151,40.0,17.54,19-02-2025,3,Low,5.1,No,No,Light,Medium,20-03-2025,No,30,35,33
34,149,51.5,23.2,01-06-2024,5,Medium,6.1,No,No,Heavy,Medium,02-07-2024,No,33,29,30
20,166,77.9,28.27,03-07-2025,3,High,7.2,No,No,Light,High,09-08-2025,No,33,31,27
25,146,40.0,18.77,11-06-2025,5,High,5.5,No,Yes,Light,High,10-07-2025,No,29,34,27
42,168,67.3,23.84,07-08-2025,6,High,7.8,No,No,Heavy,Medium,06-09-2025,Yes,28,28,31
28,150,64.3,28.58,21-05-2025,5,Medium,7.2,Yes,No,Light,High,16-06-2025,Yes,27,33,31
26,164,65.2,24.24,18-12-2025,5,High,5.3,No,Yes,Medium,Medium,16-01-2026,No,25,25,25
22,153,47.8,20.42,30-11-2024,5,High,5.1,No,No,Medium,Low,31-12-2024,No,27,29,25
18,147,40.0,18.51,01-04-2024,4,Medium,6.9,No,No,Light,High,06-05-2024,No,33,28,26
38,171,72.8,24.9,12-10-2024,4,Low,8.4,No,No,Light,Low,05-11-2024,Yes,33,35,35
35,174,72.7,24.01,28-02-2024,6,Medium,4.9,Yes,No,Medium,Low,25-03-2024,No,26,35,35
41,150,56.3,25.02,05-12-2025,6,High,8.0,No,No,Medium,Low,01-01-2026,No,33,28,26
38,167,51.8,18.57,06-07-2024,5,Medium,6.9,No,No,Light,Medium,08-08-2024,No,24,24,24
43,156,66.8,27.45,11-03-2025,4,High,8.8,Yes,No,Medium,High,14-04-2025,No,31,25,26
34,174,70.0,23.12,15-03-2024,6,Medium,7.9,No,No,Light,Low,14-04-2024,No,28,31,29
35,160,66.4,25.94,02-10-2024,4,Medium,4.9,No,No,Medium,Low,31-10-2024,No,27,26,31
34,151,43.8,19.21,18-01-2024,6,Low,9.0,Yes,No,Medium,Medium,18-02-2024,No,31,33,35
28,146,40.0,18.77,11-10-2025,5,Low,7.0,No,No,Medium,Low,08-11-2025,Yes,30,26,33
40,159,53.3,21.08,31-03-2024,5,Medium,8.6,Yes,No,Heavy,Medium,05-05-2024,Yes,25,31,29
36,165,55.5,20.39,23-09-2024,5,Low,6.4,Yes,No,Heavy,Low,28-10-2024,No,24,31,28
18,148,44.3,20.22,26-03-2024,5,Medium,4.7,No,Yes,Medium,Low,20-04-2024,No,35,25,27
20,169,75.5,26.43,14-09-2025,4,Low,8.8,No,No,Medium,Medium,18-10-2025,No,34,31,26
38,149,59.8,26.94,15-08-2024,4,Low,5.6,No,No,Medium,Medium,12-09-2024,No,27,34,27
33,174,76.0,25.1,09-03-2024,5,Medium,5.8,No,No,Medium,High,10-04-2024,No,31,24,30
38,151,45.6,20.0,27-09-2024,6,Medium,8.6,No,No,Heavy,Medium,30-10-2024,No,35,29,24
35,168,63.5,22.5,04-05-2024,4,Medium,8.8,Yes,No,Light,Medium,01-06-2024,No,25,31,30
28,160,65.9,25.74,09-04-2025,4,Medium,8.0,No,No,Medium,Medium,11-05-2025,No,26,26,24
18,161,72.4,27.93,12-01-2024,3,Low,8.3,No,No,Medium,High,16-02-2024,Yes,35,31,25
18,174,70.8,23.38,13-12-2024,7,High,7.5,No,No,Light,Low,23-01-2025,No,24,35,27
20,149,47.7,21.49,20-07-2025,4,High,6.9,Yes,No,Light,Low,19-08-2025,Yes,24,24,24
21,152,44.5,19.26,03-03-2025,5,High,5.5,Yes,Yes,Light,Low,03-04-2025,No,26,34,34
41,160,62.1,24.26,01-10-2024,3,Medium,5.7,No,No,Heavy,High,02-11-2024,No,34,34,35
40,151,60.6,26.58,28-09-2025,5,Low,8.5,No,No,Medium,Low,30-10-2025,Yes,28,32,34
27,158,40.0,16.02,12-05-2024,5,Medium,7.8,No,No,Medium,High,15-06-2024,No,35,34,34
21,156,58.6,24.08,14-02-2024,5,Medium,6.3,No,No,Medium,Medium,16-03-2024,No,26,32,32
39,151,45.5,19.96,23-06-2025,5,Medium,5.2,No,No,Heavy,Low,26-07-2025,No,24,28,35
24,173,49.7,16.61,27-12-2025,4,Medium,5.2,Yes,No,Light,Low,27-01-2026,Yes,24,33,29
31,156,59.1,24.29,01-09-2024,6,Medium,5.7,No,No,Medium,Medium,02-10-2024,No,31,27,24
42,175,74.1,24.2,22-04-2024,6,Medium,5.0,No,No,Medium,High,27-05-2024,No,33,34,24
40,150,53.7,23.87,14-06-2024,4,High,6.0,No,Yes,Medium,Low,18-07-2024,No,34,29,29
41,161,47.3,18.25,25-09-2024,5,Low,4.7,Yes,No,Light,Medium,21-10-2024,No,35,35,27
37,169,90.4,31.65,21-02-2024,3,Low,8.8,No,No,Heavy,Low,25-03-2024,No,35,30,27
29,174,75.1,24.81,04-07-2024,6,High,8.8,No,No,Light,High,09-08-2024,No,25,28,34
42,155,51.6,21.48,25-07-2024,6,Medium,6.3,No,No,Heavy,Medium,30-08-2024,No,26,34,29
29,174,89.2,29.46,15-11-2024,5,Low,6.3,No,Yes,Medium,Medium,14-12-2024,No,25,33,35
39,174,80.5,26.59,05-10-2025,5,Medium,5.8,No,No,Medium,Medium,07-11-2025,No,26,32,34
40,164,72.3,26.88,08-11-2024,6,Low,5.0,No,No,Medium,Medium,17-12-2024,Yes,30,26,30
22,163,74.6,28.08,27-06-2025,5,High,8.1,Yes,No,Medium,Low,30-07-2025,Yes,24,30,32
20,155,40.0,16.65,29-07-2024,3,Medium,5.6,No,No,Light,Medium,28-08-2024,No,33,33,33
25,149,65.7,29.59,23-10-2024,5,High,8.7,No,No,Light,High,22-11-2024,No,31,33,28
27,162,58.5,22.29,01-04-2025,5,Low,6.6,No,No,Medium,Low,02-05-2025,No,33,34,32
40,175,77.9,25.44,27-05-2025,7,High,6.1,No,No,Medium,Medium,30-06-2025,Yes,33,28,27
28,165,74.2,27.25,19-11-2025,5,Medium,6.8,No,Yes,Light,Low,18-12-2025,Yes,33,30,33
44,167,59.9,21.48,01-07-2024,4,Low,8.0,No,No,Heavy,Low,04-08-2024,Yes,25,25,25
26,170,73.2,25.33,04-10-2024,6,Low,7.1,No,No,Light,Low,30-10-2024,No,26,27,26
24,169,76.6,26.82,21-12-2024,7,Low,5.5,No,No,Light,High,19-01-2025,No,32,25,34
44,155,54.6,22.73,19-01-2024,4,High,8.6,No,No,Medium,High,22-02-2024,No,30,35,24
35,167,71.9,25.78,13-09-2024,5,Medium,7.0,No,Yes,Medium,Medium,14-10-2024,No,27,30,29
34,161,44.9,17.32,07-02-2024,5,Low,5.2,Yes,No,Medium,Medium,07-03-2024,No,33,25,29
25,161,49.1,18.94,16-01-2024,6,Low,7.9,No,No,Medium,Medium,19-02-2024,Yes,28,34,24
40,147,40.0,18.51,19-01-2024,6,High,4.6,Yes,No,Medium,High,18-02-2024,No,25,24,34
42,161,64.7,24.96,20-01-2026,5,High,6.1,No,No,Medium,High,26-02-2026,No,34,32,26
39,157,94.4,38.3,01-06-2025,6,Low,6.3,No,No,Medium,Low,05-07-2025,No,31,24,28
22,148,50.6,23.1,18-07-2025,6,High,4.6,Yes,No,Heavy,Medium,12-08-2025,No,27,31,26
32,163,61.5,23.15,13-07-2024,3,Low,5.9,No,No,Light,Medium,15-08-2024,No,32,25,33
21,171,70.4,24.08,10-06-2025,7,Medium,8.6,No,No,Light,Low,14-07-2025,No,28,35,26
34,173,82.8,27.67,01-05-2025,6,Medium,7.2,Yes,No,Light,Medium,31-05-2025,Yes,32,31,33
41,174,81.1,26.79,08-09-2024,5,High,5.6,Yes,No,Heavy,High,09-10-2024,No,27,26,26
32,165,53.5,19.65,02-04-2025,6,Low,4.9,No,No,Medium,Low,01-05-2025,No,33,29,28
30,150,60.2,26.76,18-04-2024,6,Medium,7.7,No,No,Light,Low,17-05-2024,Yes,28,26,28
22,170,69.8,24.15,05-11-2025,3,High,6.3,No,No,Medium,High,29-11-2025,No,32,30,27
34,148,56.2,25.66,27-10-2025,5,High,5.1,No,No,Light,High,26-11-2025,No,31,33,24
26,167,47.0,16.85,18-03-2025,4,Medium,8.8,No,No,Light,Low,23-04-2025,No,26,32,28
44,153,40.0,17.09,03-11-2025,4,High,5.2,Yes,No,Light,High,03-12-2025,Yes,24,25,33
39,146,52.0,24.39,21-05-2025,6,Medium,8.2,Yes,No,Medium,Low,18-06-2025,No,26,35,28
45,154,40.0,16.87,13-07-2025,5,High,7.4,Yes,No,Medium,High,17-08-2025,Yes,27,35,27
18,159,62.9,24.88,06-02-2025,5,High,4.7,No,No,Medium,Low,09-03-2025,Yes,25,28,29
25,175,78.4,25.6,02-06-2025,4,High,6.0,No,No,Medium,Medium,03-07-2025,Yes,24,29,33
29,173,74.5,24.89,11-11-2024,5,High,8.1,No,No,Medium,Low,13-12-2024,Yes,30,27,27
44,173,76.6,25.59,05-12-2025,4,High,7.3,Yes,No,Medium,Low,02-01-2026,Yes,31,27,30
23,149,51.7,23.29,08-08-2024,5,Low,5.0,Yes,No,Light,Medium,06-09-2024,Yes,30,27,30
30,148,52.5,23.97,23-08-2024,6,High,5.5,No,No,Medium,Medium,21-09-2024,No,28,25,25
19,169,64.9,22.72,16-12-2024,5,Low,6.6,No,No,Light,High,14-01-2025,Yes,35,27,26
39,161,60.8,23.46,22-07-2024,5,Medium,4.8,No,No,Heavy,High,20-08-2024,Yes,24,34,24
43,172,101.3,34.24,24-12-2025,7,Low,5.8,No,No,Heavy,Medium,27-01-2026,No,30,24,31
38,149,60.4,27.21,16-01-2026,5,Medium,7.3,No,No,Medium,Low,17-02-2026,No,30,35,32
35,170,76.1,26.33,13-10-2025,4,Low,4.7,Yes,No,Medium,Medium,12-11-2025,No,32,29,27
43,162,65.9,25.11,23-05-2024,5,Medium,7.9,No,No,Medium,Medium,21-06-2024,Yes,26,24,29
40,152,44.7,19.35,18-02-2025,5,Low,6.9,Yes,No,Medium,Medium,21-03-2025,Yes,32,33,32
44,171,73.3,25.07,21-12-2024,7,Low,8.2,No,No,Heavy,Low,24-01-2025,Yes,24,29,29
39,154,51.5,21.72,25-02-2024,3,High,7.8,No,No,Heavy,Low,27-03-2024,Yes,24,24,35
24,171,80.5,27.53,12-05-2024,4,Medium,6.6,No,No,Medium,Low,15-06-2024,Yes,27,29,35
29,174,64.8,21.4,15-01-2024,6,Low,4.6,No,Yes,Medium,Low,16-02-2024,Yes,32,33,35
42,163,40.0,15.06,13-03-2024,3,Low,5.5,No,No,Medium,Low,16-04-2024,Yes,29,31,32
23,155,49.4,20.56,02-10-2025,5,Medium,5.5,No,No,Light,High,29-10-2025,Yes,34,34,27
43,165,72.0,26.45,28-01-2026,5,Low,7.3,No,No,Heavy,Low,25-02-2026,No,26,25,31
22,164,88.6,32.94,18-09-2024,3,Medium,7.0,No,Yes,Medium,Low,20-10-2024,Yes,24,25,32
40,149,59.3,26.71,17-03-2025,5,Medium,5.4,No,No,Light,Medium,14-04-2025,No,27,35,27
18,150,40.2,17.87,16-06-2024,4,High,4.8,No,No,Light,Low,14-07-2024,No,35,27,28
40,173,70.8,23.66,26-02-2024,5,Low,7.7,No,No,Medium,Low,24-03-2024,No,32,34,31
20,154,44.5,18.76,27-03-2024,5,Medium,8.4,No,No,Heavy,Medium,27-04-2024,Yes,26,26,35
28,160,58.1,22.7,12-11-2025,6,High,8.3,No,No,Heavy,Low,18-12-2025,No,35,27,33
31,173,64.0,21.38,25-01-2025,4,Low,7.8,No,No,Heavy,Low,22-02-2025,No,32,35,29
21,160,43.6,17.03,02-06-2025,4,High,5.3,No,No,Medium,Medium,03-07-2025,Yes,30,30,35
19,159,63.4,25.08,17-11-2025,6,Low,5.0,No,No,Medium,Medium,15-12-2025,No,35,34,30
24,169,71.0,24.86,15-10-2024,6,Medium,7.8,No,No,Medium,High,18-11-2024,No,27,24,26
25,174,72.3,23.88,05-09-2025,5,Medium,7.1,No,No,Medium,Medium,15-10-2025,Yes,26,29,30
34,170,73.5,25.43,05-09-2024,3,Medium,5.6,No,No,Medium,Medium,07-10-2024,Yes,33,26,35
34,146,66.3,31.1,10-12-2025,4,Medium,6.8,No,No,Light,Medium,15-01-2026,No,28,34,31
22,171,72.2,24.69,27-10-2024,6,Medium,8.7,No,No,Medium,High,01-12-2024,No,28,33,33
41,164,60.2,22.38,16-02-2024,4,High,5.0,No,No,Heavy,Low,13-03-2024,Yes,26,30,29
18,154,62.7,26.44,15-04-2025,4,High,7.2,Yes,No,Heavy,High,17-05-2025,Yes,35,33,33
36,159,42.6,16.85,08-07-2024,4,Low,8.6,No,No,Heavy,Medium,05-08-2024,No,32,25,32
27,145,52.5,24.97,10-06-2024,5,Low,6.0,No,No,Light,Low,11-07-2024,No,27,25,29
24,162,54.3,20.69,02-10-2024,5,High,9.0,Yes,No,Light,Medium,31-10-2024,No,34,27,35
35,163,54.8,20.63,01-04-2025,4,High,5.6,No,No,Medium,Medium,02-05-2025,No,28,24,32
20,148,49.1,22.42,04-01-2024,5,Medium,5.7,No,No,Medium,Medium,06-02-2024,No,27,26,27
32,145,61.7,29.35,26-09-2024,7,Medium,4.7,No,Yes,Heavy,Medium,28-10-2024,No,28,32,31
32,169,61.5,21.53,07-01-2025,5,Medium,5.7,No,No,Light,Medium,11-02-2025,Yes,30,30,34
20,166,75.5,27.4,02-12-2024,5,High,6.7,No,No,Medium,High,03-01-2025,Yes,32,30,27
26,148,51.8,23.65,14-07-2025,6,Low,6.6,Yes,No,Medium,Low,15-08-2025,No,30,34,25
31,162,48.1,18.33,27-11-2024,5,High,8.6,No,No,Light,Medium,02-01-2025,No,28,27,33
27,145,54.2,25.78,07-09-2024,5,Low,5.8,Yes,No,Light,Low,05-10-2024,No,33,25,34
44,170,61.7,21.35,05-02-2024,6,High,5.0,Yes,No,Heavy,Medium,10-03-2024,No,33,27,32
25,169,54.3,19.01,12-11-2024,4,High,6.6,Yes,No,Light,Medium,10-12-2024,Yes,30,29,28
36,160,52.1,20.35,11-08-2024,4,Medium,6.8,No,No,Medium,High,17-09-2024,No,33,34,27
38,169,61.7,21.6,31-12-2024,7,Medium,4.6,No,No,Heavy,High,30-01-2025,No,28,34,25
41,147,52.9,24.48,06-07-2024,4,Medium,7.6,No,No,Medium,Low,04-08-2024,Yes,26,26,24
41,175,67.7,22.11,02-01-2024,3,High,8.6,No,No,Medium,Medium,29-01-2024,Yes,30,24,34
45,155,69.9,29.09,09-12-2024,4,High,6.1,No,No,Medium,Medium,08-01-2025,No,34,35,30
43,168,70.2,24.87,25-01-2025,7,High,7.0,No,No,Medium,Low,28-02-2025,Yes,34,31,29
33,147,40.0,18.51,26-03-2024,4,Medium,8.6,No,No,Heavy,Medium,29-04-2024,Yes,25,35,25
31,165,56.7,20.83,01-05-2025,5,High,8.0,No,No,Medium,Medium,29-05-2025,Yes,35,28,31
19,168,70.3,24.91,12-10-2024,6,Medium,7.1,No,No,Medium,Low,12-11-2024,Yes,32,28,34
18,165,44.7,16.42,29-05-2025,3,Medium,5.0,No,No,Medium,Medium,28-06-2025,Yes,33,34,27
19,148,40.0,18.26,02-11-2025,4,High,5.4,No,No,Medium,Low,10-12-2025,No,33,27,31
42,157,48.2,19.55,24-07-2024,6,Medium,6.2,No,No,Heavy,Low,24-08-2024,No,35,29,30
25,158,64.3,25.76,11-09-2024,4,High,7.3,No,No,Heavy,Medium,16-10-2024,No,24,26,28
44,171,72.8,24.9,31-05-2025,5,Medium,5.5,No,No,Medium,Low,05-07-2025,No,29,32,33
22,145,45.2,21.5,06-01-2024,5,Low,4.9,No,No,Medium,Medium,04-02-2024,No,30,28,33
28,160,57.9,22.62,03-04-2024,6,High,8.9,No,No,Light,Medium,07-05-2024,Yes,31,26,35
33,156,40.0,16.44,27-09-2024,5,High,8.1,No,No,Medium,Medium,02-11-2024,No,33,34,31
40,146,42.7,20.03,01-04-2024,4,Medium,7.5,No,No,Medium,Medium,28-04-2024,No,32,24,32
29,145,40.0,19.02,27-05-2024,3,Low,7.8,No,No,Heavy,High,02-07-2024,No,25,33,28
19,146,54.4,25.52,13-02-2025,4,High,8.3,No,No,Light,High,19-03-2025,No,34,35,33
38,167,66.9,23.99,23-08-2025,5,High,8.5,No,No,Heavy,Low,27-09-2025,Yes,33,29,28
26,174,73.1,24.14,12-02-2024,6,Low,5.2,No,No,Medium,High,15-03-2024,Yes,25,25,25
41,146,50.0,23.46,07-02-2025,5,Medium,5.6,No,Yes,Medium,High,10-03-2025,No,28,26,28
32,166,69.2,25.11,24-01-2024,4,Medium,8.9,Yes,No,Medium,Medium,20-02-2024,No,28,24,26
37,154,56.3,23.74,02-11-2024,5,Low,6.4,No,No,Heavy,Medium,30-11-2024,No,29,32,30
45,149,52.5,23.65,07-11-2024,4,Low,5.1,Yes,No,Heavy,High,14-12-2024,No,26,31,33
21,159,53.1,21.0,06-10-2025,4,Medium,7.6,No,No,Light,Low,13-11-2025,No,31,35,28
32,153,40.0,17.09,26-08-2024,4,Medium,6.6,No,Yes,Heavy,High,25-09-2024,No,24,25,31
40,173,76.4,25.53,27-03-2024,7,High,5.7,No,No,Medium,High,27-04-2024,Yes,29,35,24
38,164,78.5,29.19,22-08-2025,5,High,6.1,No,No,Light,Low,16-09-2025,Yes,27,34,26
43,148,58.1,26.52,25-06-2025,3,High,7.7,No,Yes,Medium,Medium,25-07-2025,Yes,24,31,26
39,154,51.9,21.88,07-06-2024,7,High,5.8,No,No,Medium,Low,09-07-2024,Yes,30,35,32
41,171,77.1,26.37,04-11-2025,5,Low,8.5,No,No,Heavy,Medium,05-12-2025,Yes,32,32,28
43,168,63.6,22.53,03-01-2026,4,Low,5.2,No,No,Medium,Low,05-02-2026,Yes,27,24,35
32,168,71.8,25.44,02-09-2025,5,Low,8.1,No,No,Light,High,28-09-2025,Yes,27,28,32
28,156,49.9,20.5,02-02-2025,5,Medium,5.6,No,No,Light,Medium,03-03-2025,Yes,29,31,32
30,146,47.4,22.24,29-11-2024,5,High,8.8,Yes,Yes,Medium,Low,28-12-2024,No,35,34,24
43,160,80.0,31.25,07-01-2026,5,Medium,4.6,No,No,Medium,Low,06-02-2026,Yes,26,25,25
32,168,75.7,26.82,21-05-2025,4,Medium,5.4,No,No,Medium,Low,22-06-2025,No,35,27,28
31,168,83.0,29.41,02-06-2024,3,Low,4.6,Yes,No,Medium,Low,07-07-2024,No,29,30,27
41,172,64.3,21.73,17-10-2024,5,Medium,8.2,No,No,Light,High,21-11-2024,No,30,26,33
24,159,52.1,20.61,11-01-2026,5,High,6.0,Yes,No,Light,Low,08-02-2026,Yes,34,35,32
43,158,57.6,23.07,25-09-2025,5,Medium,6.4,Yes,No,Medium,Medium,28-10-2025,No,33,28,30
42,169,74.6,26.12,20-10-2025,5,Low,5.6,No,No,Medium,High,18-11-2025,No,33,31,29
45,155,52.9,22.02,28-05-2024,5,High,6.0,No,No,Light,Medium,29-06-2024,No,26,35,30
42,172,82.1,27.75,14-02-2024,6,Low,8.6,No,No,Light,Low,21-03-2024,No,30,33,24
40,163,57.5,21.64,02-01-2026,6,Medium,7.7,Yes,No,Medium,Medium,27-01-2026,Yes,26,26,24
45,172,85.6,28.93,09-06-2025,7,Low,6.2,No,No,Medium,Medium,12-07-2025,Yes,25,27,31
20,155,64.7,26.93,04-10-2025,4,Low,4.6,Yes,No,Heavy,Medium,10-11-2025,No,35,32,25
36,169,57.8,20.24,15-03-2025,5,Medium,5.0,Yes,No,Light,High,12-04-2025,No,33,30,35
36,165,70.8,26.01,21-01-2026,6,Low,6.2,No,No,Medium,Low,14-02-2026,No,27,24,33
29,148,45.8,20.91,18-12-2025,6,High,5.8,No,No,Light,Medium,17-01-2026,No,35,35,34
23,165,75.2,27.62,01-06-2025,5,Medium,7.4,No,No,Heavy,Low,30-06-2025,Yes,31,27,32
35,153,47.6,20.33,22-05-2024,6,Medium,7.2,No,No,Medium,Medium,20-06-2024,No,32,27,30
38,152,55.1,23.85,20-06-2025,5,High,5.2,Yes,No,Medium,Low,23-07-2025,Yes,30,32,29
35,171,76.5,26.16,31-05-2025,4,Low,6.7,Yes,No,Medium,Low,04-07-2025,Yes,24,29,24
22,167,40.0,14.34,05-08-2025,6,Low,8.0,No,No,Light,Medium,31-08-2025,No,26,32,24
43,145,40.0,19.02,17-01-2024,4,Medium,4.7,No,No,Heavy,High,17-02-2024,No,35,35,25
29,166,67.3,24.42,03-12-2025,4,Medium,6.1,No,Yes,Medium,Medium,02-01-2026,Yes,32,29,29
23,152,50.7,21.94,21-08-2025,4,Medium,5.7,No,No,Heavy,Medium,25-09-2025,Yes,35,29,29
44,167,77.2,27.68,29-12-2025,4,Medium,8.2,No,No,Medium,Medium,02-02-2026,No,24,28,25
21,158,60.3,24.15,30-11-2025,6,Medium,6.6,No,Yes,Heavy,Low,28-12-2025,Yes,32,28,24
31,152,40.0,17.31,10-12-2025,4,High,7.8,No,No,Medium,Low,16-01-2026,No,31,25,33
23,171,74.3,25.41,20-10-2025,7,High,7.8,No,No,Medium,Low,15-11-2025,Yes,24,31,28
42,172,64.5,21.8,23-08-2024,3,Low,8.3,Yes,No,Medium,Medium,27-09-2024,No,29,31,28
25,159,56.7,22.43,28-03-2024,3,Low,5.7,Yes,No,Medium,High,25-04-2024,No,28,34,25
18,174,68.9,22.76,01-02-2024,5,Medium,7.9,No,No,Medium,High,03-03-2024,Yes,29,24,29
28,169,72.5,25.38,12-02-2024,5,High,7.9,No,Yes,Heavy,Low,14-03-2024,Yes,33,31,32
30,172,57.8,19.54,16-05-2024,5,High,4.6,No,No,Heavy,Low,18-06-2024,Yes,35,28,25
42,161,49.8,19.21,14-10-2025,4,Low,6.6,No,No,Heavy,Medium,16-11-2025,Yes,28,25,33
33,162,40.0,15.24,04-01-2025,5,Medium,7.5,No,Yes,Light,Medium,08-02-2025,No,29,25,25
39,174,95.4,31.51,17-04-2024,4,Medium,7.3,No,No,Light,Low,12-05-2024,Yes,28,29,26
22,174,64.0,21.14,20-01-2025,4,Medium,8.6,Yes,No,Medium,Medium,21-02-2025,No,34,34,30
30,166,57.4,20.83,07-04-2025,4,Low,5.6,No,No,Light,Low,10-05-2025,Yes,35,32,29
31,156,44.5,18.29,25-07-2025,4,Medium,7.5,No,No,Medium,High,25-08-2025,No,28,24,35
18,147,40.6,18.79,21-02-2024,6,Medium,7.3,No,No,Heavy,Medium,27-03-2024,No,27,35,31
38,168,63.6,22.53,04-10-2025,6,Low,6.8,Yes,No,Medium,Medium,04-11-2025,No,26,29,31
41,160,66.1,25.82,20-01-2024,4,High,7.8,Yes,No,Heavy,High,22-02-2024,No,26,32,29
44,151,52.8,23.16,03-10-2025,5,High,6.0,No,No,Medium,Low,31-10-2025,No,27,31,35
18,150,53.3,23.69,28-06-2025,4,Low,7.5,Yes,No,Medium,Low,01-08-2025,Yes,32,34,34
40,154,48.1,20.28,28-11-2025,3,Medium,6.6,No,No,Heavy,Medium,03-01-2026,No,25,29,33
29,169,68.3,23.91,07-09-2024,3,Medium,6.1,No,No,Medium,Low,10-10-2024,No,32,26,26
29,155,67.2,27.97,16-05-2025,6,Low,5.5,No,No,Medium,Medium,15-06-2025,No,24,31,26
19,158,57.8,23.15,27-09-2024,5,Medium,7.0,No,No,Medium,Medium,01-11-2024,Yes,24,32,24
18,167,70.1,25.14,04-01-2024,5,Medium,8.5,No,No,Medium,Low,05-02-2024,No,28,24,30
25,175,54.7,17.86,12-04-2025,4,Medium,5.4,No,Yes,Medium,Low,11-05-2025,No,29,35,28
24,146,51.2,24.02,12-03-2024,6,Medium,8.5,Yes,Yes,Light,High,18-04-2024,Yes,29,32,27
34,148,50.6,23.1,30-05-2025,5,Low,4.9,No,Yes,Heavy,Low,27-06-2025,Yes,26,29,33
21,150,62.9,27.96,02-07-2025,5,Medium,9.0,No,No,Heavy,Medium,28-07-2025,No,30,29,27
24,149,40.0,18.02,04-04-2024,6,High,6.6,No,No,Medium,High,09-05-2024,No,32,35,27
41,156,56.2,23.09,06-11-2025,5,High,6.4,No,Yes,Light,Low,04-12-2025,No,34,27,29
22,175,73.7,24.07,22-06-2025,5,Low,8.3,No,No,Heavy,High,26-07-2025,Yes,35,24,31
45,163,63.8,24.01,08-03-2024,4,High,5.0,No,No,Medium,Medium,09-04-2024,No,33,33,31
26,161,54.6,21.06,24-01-2026,5,Low,4.8,No,No,Medium,Low,20-02-2026,Yes,31,31,28
44,163,65.0,24.46,30-04-2025,6,Low,8.3,Yes,No,Light,Medium,25-05-2025,Yes,29,25,29
32,154,60.9,25.68,15-09-2024,5,Low,5.5,No,No,Light,Low,18-10-2024,Yes,35,35,27
41,149,49.3,22.21,17-03-2024,4,High,6.1,No,No,Medium,Low,17-04-2024,No,31,24,35
27,172,68.9,23.29,28-09-2024,4,Low,8.3,No,No,Medium,Medium,28-10-2024,No,35,25,34
40,174,71.7,23.68,28-08-2024,5,Low,7.3,No,No,Heavy,Medium,04-10-2024,No,28,24,32
37,161,57.0,21.99,16-01-2026,6,Low,7.8,No,No,Medium,Low,09-02-2026,No,31,24,31
44,170,70.2,24.29,29-07-2024,5,High,8.9,Yes,No,Medium,Medium,24-08-2024,No,33,32,33
45,147,40.0,18.51,24-08-2024,3,Medium,5.5,No,No,Medium,Medium,25-09-2024,No,35,24,35
43,152,40.0,17.31,27-01-2026,7,High,6.6,No,No,Medium,High,24-02-2026,No,27,27,33
20,154,67.4,28.42,27-10-2025,6,Medium,4.6,No,No,Light,Medium,28-11-2025,No,33,33,24
39,161,43.2,16.67,16-04-2025,5,Medium,8.5,No,No,Heavy,Medium,13-05-2025,No,31,29,25
30,172,70.6,23.86,20-05-2025,3,Medium,8.5,Yes,No,Medium,Medium,17-06-2025,No,33,30,32
38,146,40.0,18.77,26-01-2025,5,Low,7.9,No,No,Heavy,Medium,21-02-2025,Yes,35,25,31
28,157,53.9,21.87,19-03-2024,4,High,5.5,Yes,No,Medium,Medium,22-04-2024,No,25,29,26
35,147,40.0,18.51,05-05-2025,4,High,7.6,No,No,Heavy,Low,04-06-2025,No,35,30,31
19,166,65.3,23.7,01-12-2025,5,Medium,6.8,No,No,Light,Low,30-12-2025,Yes,35,33,35
23,175,66.3,21.65,21-10-2024,5,High,6.6,Yes,No,Medium,Medium,22-11-2024,No,28,33,24
30,150,40.0,17.78,17-02-2024,5,Medium,6.5,No,No,Heavy,High,24-03-2024,No,32,25,33
35,159,61.8,24.45,23-09-2025,4,Low,4.6,Yes,No,Light,High,23-10-2025,No,27,25,27
36,151,64.0,28.07,09-10-2025,4,High,5.2,No,No,Medium,Medium,05-11-2025,No,34,33,26
31,171,74.1,25.34,20-10-2025,6,High,4.7,No,No,Light,High,28-11-2025,No,29,30,29
35,156,56.8,23.34,22-07-2024,4,Medium,7.8,No,No,Light,Medium,16-08-2024,Yes,24,35,30
41,171,60.1,20.55,20-03-2024,5,Medium,8.6,No,No,Medium,Medium,24-04-2024,No,32,24,27
32,148,46.8,21.37,06-09-2025,5,High,5.2,No,No,Medium,Low,03-10-2025,No,24,31,30
35,171,75.1,25.68,30-05-2024,4,Low,8.2,No,Yes,Heavy,Medium,05-07-2024,Yes,28,34,32
20,146,40.0,18.77,05-12-2024,3,High,5.4,No,No,Medium,Low,03-01-2025,Yes,27,26,34
26,171,79.6,27.22,17-09-2024,5,Medium,5.0,No,No,Medium,Low,27-10-2024,No,35,34,25
40,171,70.2,24.01,29-10-2025,5,Low,5.9,No,No,Medium,Medium,01-12-2025,No,26,29,34
31,169,72.2,25.28,31-01-2026,4,High,8.1,Yes,No,Light,Low,05-03-2026,No,29,32,26
33,165,59.6,21.89,10-12-2025,3,Medium,4.9,No,Yes,Light,Medium,12-01-2026,No,25,29,28
23,162,56.7,21.6,07-11-2024,5,High,5.3,No,No,Heavy,Medium,08-12-2024,No,26,32,26
40,163,64.8,24.39,28-09-2025,3,Low,8.2,No,No,Medium,Medium,31-10-2025,Yes,28,30,34
26,159,62.4,24.68,04-08-2025,5,Low,4.9,No,No,Heavy,Low,09-09-2025,Yes,32,32,31
37,165,68.1,25.01,16-05-2024,6,Low,8.3,No,No,Light,Medium,21-06-2024,Yes,25,25,35
36,162,51.4,19.59,13-01-2024,6,Low,8.5,No,No,Heavy,High,22-02-2024,No,33,35,33
19,167,59.2,21.23,08-05-2025,5,Low,7.2,Yes,Yes,Heavy,Low,03-06-2025,Yes,31,31,31
31,162,61.3,23.36,03-03-2024,5,Medium,5.9,No,No,Medium,Medium,09-04-2024,No,25,31,31
39,145,40.0,19.02,12-05-2025,4,Medium,7.3,No,No,Heavy,Low,17-06-2025,No,34,25,35
18,164,74.0,27.51,02-10-2024,5,Low,7.7,Yes,No,Heavy,High,30-10-2024,No,28,35,35
38,146,48.7,22.85,19-11-2025,4,High,5.1,Yes,Yes,Heavy,Low,25-12-2025,Yes,30,27,32
37,149,48.9,22.03,11-04-2024,6,Medium,4.9,Yes,No,Light,Medium,08-05-2024,No,31,34,27
25,161,53.4,20.6,09-12-2025,5,High,6.3,No,Yes,Medium,Medium,07-01-2026,Yes,24,30,28
22,169,76.7,26.85,10-08-2024,5,Low,7.1,No,Yes,Heavy,Medium,12-09-2024,No,29,34,28
30,170,66.8,23.11,22-11-2025,6,High,8.8,No,No,Medium,Low,02-01-2026,Yes,24,27,31
22,165,83.5,30.67,16-05-2025,5,Low,8.3,No,No,Medium,Medium,12-06-2025,No,25,27,30
18,165,68.4,25.12,24-10-2024,7,Low,7.5,No,No,Medium,Medium,21-11-2024,No,24,29,32
23,166,50.6,18.36,26-12-2025,5,Medium,8.3,Yes,No,Medium,Medium,25-01-2026,Yes,34,33,31
20,166,72.8,26.42,12-06-2025,4,High,6.2,No,No,Medium,Medium,21-07-2025,Yes,28,29,25
33,166,60.2,21.85,19-10-2024,6,Low,8.6,No,No,Light,Medium,21-11-2024,No,33,33,33
39,170,64.3,22.25,20-04-2025,5,Low,8.0,No,No,Light,High,22-05-2025,No,32,26,35
40,167,64.1,22.98,22-04-2025,3,Medium,6.0,No,No,Light,Medium,29-05-2025,No,29,32,27
27,159,57.2,22.63,22-04-2025,4,High,7.3,No,No,Heavy,Low,24-05-2025,No,34,35,29
40,171,73.0,24.96,01-05-2024,6,High,6.3,No,No,Light,High,08-06-2024,No,34,33,35
41,158,65.1,26.08,16-07-2025,5,Medium,6.0,No,No,Light,Medium,17-08-2025,Yes,24,34,25
39,166,70.0,25.4,23-07-2024,5,Medium,8.8,No,No,Medium,Low,22-08-2024,Yes,24,25,30
41,173,65.2,21.78,15-11-2024,7,High,7.9,Yes,No,Medium,Low,12-12-2024,Yes,25,29,26
29,166,51.9,18.83,28-03-2024,5,Medium,7.0,No,No,Medium,Low,29-04-2024,No,32,35,26
38,145,40.0,19.02,29-04-2025,5,Low,8.6,Yes,No,Medium,Low,28-05-2025,No,26,30,34
28,156,59.0,24.24,18-01-2024,5,High,8.6,No,No,Medium,High,13-02-2024,No,24,35,25
26,162,70.1,26.71,23-10-2024,4,High,5.0,No,No,Medium,Low,22-11-2024,No,28,32,34
29,146,63.4,29.74,14-04-2025,4,Medium,5.0,Yes,No,Heavy,Low,21-05-2025,No,30,26,31
41,150,40.0,17.78,19-03-2024,4,High,8.8,No,No,Medium,Medium,15-04-2024,Yes,29,33,29
25,153,53.2,22.73,02-06-2025,4,High,5.3,No,Yes,Medium,Low,07-07-2025,No,35,26,24
42,154,51.1,21.55,05-04-2025,4,Low,6.0,No,No,Heavy,Low,04-05-2025,No,24,30,35
21,163,58.4,21.98,02-10-2024,4,Low,6.9,No,Yes,Medium,Low,04-11-2024,No,28,27,24
33,148,48.8,22.28,31-01-2025,7,Low,5.7,Yes,No,Medium,Medium,02-03-2025,Yes,28,31,30
37,170,66.9,23.15,02-08-2024,4,High,8.9,Yes,No,Heavy,Low,27-08-2024,No,29,30,31
25,155,51.8,21.56,03-08-2024,5,Medium,6.7,No,No,Medium,High,08-09-2024,No,26,28,28
34,169,61.9,21.67,17-03-2024,4,High,7.3,No,No,Light,High,17-04-2024,No,28,30,35
34,145,48.4,23.02,18-08-2025,5,Low,8.5,No,No,Medium,Medium,16-09-2025,No,30,26,34
24,150,60.0,26.67,02-04-2024,3,High,6.4,Yes,No,Medium,High,29-04-2024,No,28,35,28
25,155,70.7,29.43,25-05-2024,4,Low,8.1,No,No,Heavy,Medium,21-06-2024,No,28,25,27
31,149,43.2,19.46,20-06-2025,4,Medium,8.9,No,Yes,Heavy,Low,25-07-2025,Yes,28,29,29
34,145,40.0,19.02,25-09-2024,5,High,8.0,No,No,Medium,Medium,26-10-2024,No,33,25,29
20,163,59.8,22.51,03-01-2025,3,High,7.1,No,No,Heavy,High,09-02-2025,No,33,26,26
25,163,54.1,20.36,15-05-2024,5,Low,7.9,No,No,Medium,Medium,22-06-2024,No,26,29,32
22,169,78.7,27.56,09-09-2025,4,Low,4.7,Yes,No,Heavy,Medium,14-10-2025,No,24,28,35
20,170,61.2,21.18,08-10-2025,6,Medium,8.7,Yes,No,Heavy,Low,05-11-2025,No,28,31,34
23,164,64.2,23.87,04-06-2025,5,Medium,7.4,No,No,Medium,Medium,08-07-2025,No,32,32,30
31,170,56.0,19.38,13-10-2024,6,Low,4.8,Yes,Yes,Medium,High,20-11-2024,No,24,34,24
42,151,46.9,20.57,25-04-2024,6,Medium,6.5,No,No,Heavy,Medium,26-05-2024,Yes,26,26,30
18,145,46.3,22.02,21-12-2025,5,Medium,7.2,No,No,Medium,High,19-01-2026,No,27,35,28
39,145,59.7,28.39,08-01-2025,6,Low,5.6,No,No,Light,High,11-02-2025,No,24,33,28
21,174,66.5,21.96,24-08-2024,5,Low,5.1,No,No,Light,Low,29-09-2024,Yes,24,26,25
29,170,73.1,25.29,24-05-2025,6,Medium,7.5,Yes,No,Medium,High,19-06-2025,No,31,26,27
33,154,40.0,16.87,12-05-2025,6,Low,8.8,No,No,Medium,Medium,10-06-2025,No,25,29,35
44,161,48.3,18.63,07-02-2025,4,Medium,6.6,No,Yes,Medium,Low,10-03-2025,No,35,24,29
33,150,41.3,18.36,26-01-2024,5,High,7.7,No,No,Heavy,Low,03-03-2024,No,31,30,33
22,171,65.4,22.37,11-06-2024,5,High,5.6,No,No,Medium,High,13-07-2024,No,30,35,34
39,157,60.7,24.63,04-01-2024,3,High,8.3,No,No,Medium,High,08-02-2024,Yes,33,24,30
32,167,72.7,26.07,18-05-2025,4,Low,9.0,Yes,No,Medium,Medium,18-06-2025,Yes,33,28,34
45,164,47.3,17.59,28-11-2025,4,Medium,7.5,No,No,Light,High,03-01-2026,No,25,33,28
30,166,70.7,25.66,06-04-2025,5,Medium,6.5,No,No,Medium,High,07-05-2025,Yes,29,31,32
42,174,62.2,20.54,19-02-2025,5,Medium,5.1,No,No,Medium,Low,27-03-2025,Yes,29,27,26
28,147,64.7,29.94,05-11-2024,4,High,8.6,No,No,Medium,Medium,04-12-2024,No,26,28,24
45,154,56.5,23.82,14-01-2026,6,High,6.1,Yes,No,Light,Low,16-02-2026,No,34,27,27
18,164,64.9,24.13,24-05-2024,4,Medium,8.4,No,No,Heavy,High,03-07-2024,No,25,35,32
39,165,62.6,22.99,02-03-2025,6,Medium,4.6,No,No,Medium,Low,30-03-2025,Yes,35,35,27
43,150,49.0,21.78,18-12-2024,6,High,6.3,No,No,Heavy,High,18-01-2025,Yes,24,27,25
31,161,60.4,23.3,20-01-2025,4,Low,8.1,No,No,Heavy,Medium,22-02-2025,No,29,35,33
21,172,64.5,21.8,19-11-2024,5,High,5.2,No,No,Light,Low,19-12-2024,No,35,31,28
23,166,72.8,26.42,03-05-2024,5,Low,4.8,No,No,Medium,High,30-05-2024,Yes,28,25,26
18,175,77.1,25.18,05-12-2024,5,Medium,5.8,No,No,Light,Medium,05-01-2025,No,34,24,35
31,156,62.9,25.85,02-01-2024,7,Medium,7.7,Yes,No,Medium,Medium,31-01-2024,Yes,32,26,32
35,168,66.8,23.67,28-11-2024,7,Low,6.3,No,No,Heavy,Low,26-12-2024,Yes,24,32,27
28,150,56.2,24.98,12-12-2024,5,Low,7.2,Yes,No,Medium,Medium,09-01-2025,No,30,27,29
25,172,63.8,21.57,11-02-2025,5,High,7.6,No,No,Light,High,21-03-2025,No,28,33,25
41,151,86.0,37.72,02-05-2024,4,Medium,4.9,No,No,Medium,Medium,05-06-2024,No,28,28,29
25,168,60.3,21.36,19-07-2024,5,High,5.2,No,No,Heavy,Low,20-08-2024,No,25,25,26
20,150,44.9,19.96,31-12-2025,5,High,6.2,No,No,Heavy,Low,28-01-2026,No,34,27,35
37,158,67.0,26.84,13-01-2024,6,Low,5.5,No,No,Heavy,High,21-02-2024,No,26,25,35
40,148,59.7,27.26,27-01-2026,4,Medium,7.6,No,No,Light,Medium,26-02-2026,Yes,30,25,32
30,164,55.4,20.6,23-10-2024,5,Low,5.8,No,No,Heavy,Medium,25-11-2024,No,29,27,34
38,157,40.0,16.23,16-09-2024,4,High,7.3,No,No,Medium,High,18-10-2024,Yes,35,29,25
42,154,40.0,16.87,16-01-2025,6,Medium,7.7,No,No,Light,High,15-02-2025,No,25,30,35
20,155,44.4,18.48,07-03-2024,6,Medium,7.9,No,No,Medium,Low,06-04-2024,Yes,29,33,35
25,156,47.5,19.52,06-02-2025,4,High,8.2,Yes,No,Light,Medium,12-03-2025,No,25,26,32
23,151,48.7,21.36,03-02-2025,4,Medium,7.5,No,Yes,Medium,Medium,01-03-2025,Yes,25,26,28
25,170,79.7,27.58,26-08-2025,6,High,6.1,Yes,Yes,Medium,Medium,02-10-2025,No,25,33,31
45,149,59.2,26.67,19-03-2024,5,High,4.6,No,No,Light,Medium,21-04-2024,No,34,29,25
36,152,45.2,19.56,04-01-2025,5,Low,5.9,No,No,Light,Low,07-02-2025,No,26,35,29
27,173,77.7,25.96,14-03-2025,7,High,7.7,Yes,No,Light,Medium,13-04-2025,Yes,25,26,26
21,157,65.2,26.45,08-10-2024,6,Medium,8.9,No,No,Medium,Medium,10-11-2024,No,27,25,35
18,147,60.4,27.95,19-02-2024,4,High,4.7,No,No,Heavy,Medium,24-03-2024,Yes,32,31,35
36,173,70.8,23.66,14-10-2024,4,Low,5.4,No,No,Medium,Medium,10-11-2024,No,29,28,33
43,152,43.9,19.0,14-04-2024,7,Low,5.1,No,No,Heavy,Medium,19-05-2024,Yes,24,24,28
27,169,75.8,26.54,22-02-2024,7,High,5.1,Yes,No,Light,Medium,24-03-2024,Yes,31,26,35
38,172,86.5,29.24,08-11-2025,5,Medium,5.4,No,No,Heavy,Medium,07-12-2025,Yes,35,33,31
44,157,51.1,20.73,19-10-2024,5,Low,6.7,Yes,No,Heavy,High,16-11-2024,No,30,31,33
37,161,79.8,30.79,12-10-2025,6,Low,6.2,No,No,Light,Medium,06-11-2025,No,33,27,24
23,175,91.5,29.88,01-06-2024,4,Medium,8.9,No,No,Medium,Medium,05-07-2024,Yes,26,30,28
40,171,67.7,23.15,12-09-2024,5,Low,4.6,No,No,Medium,Low,10-10-2024,No,24,33,26
21,163,46.6,17.54,29-09-2024,3,Low,8.3,Yes,No,Medium,Medium,25-10-2024,No,28,35,27
33,153,46.4,19.82,22-03-2025,4,Medium,7.1,No,No,Heavy,Low,22-04-2025,No,27,25,25
26,163,58.8,22.13,07-06-2025,4,Medium,5.6,No,Yes,Light,Low,02-07-2025,No,33,30,32
22,147,51.6,23.88,19-11-2024,5,High,8.1,No,No,Medium,Medium,21-12-2024,No,31,28,26
45,161,43.6,16.82,13-07-2024,6,Low,8.8,No,No,Light,Medium,13-08-2024,No,24,28,25
26,168,91.6,32.45,17-01-2025,7,Medium,4.5,Yes,No,Medium,High,14-02-2025,Yes,33,29,33
19,168,90.7,32.14,14-03-2025,4,Low,8.9,No,No,Medium,High,16-04-2025,Yes,24,32,34
38,148,40.1,18.31,30-01-2024,4,High,4.8,No,No,Heavy,Medium,25-02-2024,No,35,29,32
20,160,40.7,15.9,08-10-2025,5,Medium,5.1,No,No,Heavy,High,12-11-2025,No,27,35,30
32,166,63.6,23.08,13-02-2025,5,High,6.2,No,No,Heavy,Medium,12-03-2025,No,31,31,29
29,171,74.6,25.51,21-07-2025,6,Medium,5.1,No,No,Medium,Low,21-08-2025,Yes,28,30,24
31,162,74.8,28.5,16-07-2025,5,Medium,5.7,Yes,No,Medium,Medium,13-08-2025,No,25,32,28
26,173,79.4,26.53,27-07-2024,6,High,7.3,Yes,No,Medium,Low,29-08-2024,No,29,27,35
39,163,60.3,22.7,06-01-2026,4,Medium,8.4,Yes,No,Light,High,06-02-2026,Yes,28,25,34
29,162,41.6,15.85,23-03-2024,5,High,5.6,Yes,No,Light,Medium,02-05-2024,Yes,25,30,34
18,162,66.4,25.3,20-02-2024,4,Medium,8.4,No,Yes,Heavy,High,26-03-2024,No,34,29,26
28,165,72.7,26.7,19-01-2026,7,Medium,8.7,No,No,Medium,Low,14-02-2026,No,34,24,24
27,174,70.2,23.19,24-02-2025,7,Medium,5.9,No,No,Light,High,25-03-2025,Yes,34,34,27
42,170,72.0,24.91,06-04-2025,5,Low,7.7,Yes,No,Light,Medium,06-05-2025,Yes,26,32,25
35,154,55.3,23.32,21-09-2025,6,Low,5.2,No,No,Heavy,Medium,24-10-2025,Yes,32,32,25
19,158,54.9,21.99,21-05-2024,5,Medium,5.7,No,No,Heavy,Medium,21-06-2024,No,30,35,26
45,150,40.0,17.78,21-10-2025,7,Medium,8.2,No,No,Heavy,Medium,17-11-2025,Yes,30,25,31
29,164,66.7,24.8,20-10-2024,6,Low,4.7,No,No,Medium,Medium,18-11-2024,Yes,34,26,31
22,164,49.1,18.26,12-05-2025,5,Low,8.0,No,No,Medium,Low,16-06-2025,No,29,28,35
19,145,58.3,27.73,20-02-2024,5,High,8.9,No,No,Medium,Medium,20-03-2024,Yes,31,28,30
27,147,40.0,18.51,17-07-2025,5,High,7.9,No,No,Light,High,26-08-2025,No,27,24,29
32,160,64.2,25.08,10-05-2024,4,High,8.1,No,No,Medium,Medium,10-06-2024,Yes,31,31,32
20,171,63.0,21.55,23-06-2024,5,Medium,4.7,No,No,Medium,Medium,27-07-2024,Yes,27,35,27
27,152,55.1,23.85,28-04-2025,4,Low,4.9,No,No,Medium,Low,27-05-2025,Yes,31,31,35
29,163,60.2,22.66,28-02-2025,5,Medium,6.7,No,No,Light,Low,28-03-2025,No,32,27,24
40,158,62.6,25.08,17-12-2024,6,Medium,7.0,No,No,Light,Low,21-01-2025,No,26,30,31
43,148,40.0,18.26,15-10-2024,5,Low,7.9,No,No,Light,Medium,10-11-2024,No,26,34,30
43,173,56.0,18.71,31-10-2024,6,High,5.7,No,Yes,Light,Medium,01-12-2024,No,34,33,30
19,159,55.5,21.95,18-09-2024,4,High,4.6,No,No,Medium,High,13-10-2024,No,25,26,26
20,155,50.8,21.14,26-01-2026,3,Low,6.4,No,No,Heavy,High,27-02-2026,Yes,33,29,27
35,149,40.0,18.02,26-01-2026,4,High,8.4,Yes,No,Heavy,Medium,20-02-2026,Yes,26,33,33
23,152,44.4,19.22,30-10-2025,6,Low,6.5,No,No,Medium,High,28-11-2025,No,26,33,32
33,154,40.0,16.87,23-09-2024,4,Low,4.9,No,No,Heavy,Medium,16-10-2024,Yes,28,35,29
45,169,69.4,24.3,19-02-2025,4,Medium,7.3,Yes,No,Medium,Medium,25-03-2025,Yes,28,32,28
24,174,69.5,22.96,02-11-2025,6,High,7.3,No,No,Medium,Low,01-12-2025,Yes,25,24,26
36,145,44.4,21.12,01-09-2024,5,Medium,6.7,No,No,Light,Medium,28-09-2024,Yes,35,28,32
32,170,95.3,32.98,04-11-2024,4,High,8.7,No,No,Medium,Medium,02-12-2024,Yes,33,27,28
40,147,47.8,22.12,09-05-2025,5,High,8.7,No,No,Medium,Medium,12-06-2025,No,29,31,28
42,162,65.0,24.77,24-07-2025,4,Medium,4.6,Yes,No,Medium,Low,19-08-2025,No,28,34,27
35,173,78.5,26.23,15-11-2025,5,High,8.3,Yes,No,Light,Medium,18-12-2025,No,29,35,27
40,173,70.9,23.69,07-02-2025,5,High,7.3,No,No,Light,High,11-03-2025,No,24,24,35
34,162,55.3,21.07,02-05-2024,7,Low,7.7,No,No,Heavy,Medium,06-06-2024,Yes,28,32,24
34,171,79.0,27.02,20-06-2024,5,High,5.6,No,Yes,Medium,Low,23-07-2024,Yes,32,29,30
23,170,79.5,27.51,20-10-2025,4,Medium,8.2,No,No,Heavy,Medium,18-11-2025,No,35,27,32
35,171,41.1,14.06,14-06-2024,5,Medium,8.9,Yes,No,Medium,Low,14-07-2024,No,33,35,26
25,163,60.6,22.81,17-03-2024,6,High,7.3,Yes,No,Medium,Medium,14-04-2024,Yes,25,32,35
38,152,47.9,20.73,31-07-2024,6,Medium,5.0,No,Yes,Heavy,Medium,28-08-2024,No,24,34,25
20,147,40.6,18.79,27-05-2025,4,Low,7.5,No,No,Light,Low,26-06-2025,No,33,28,26
40,156,67.7,27.82,24-05-2025,6,Medium,8.6,No,No,Medium,Medium,27-06-2025,No,34,28,24
22,145,40.0,19.02,17-07-2025,4,High,8.2,No,No,Medium,Low,20-08-2025,No,32,35,29
32,167,74.9,26.86,13-08-2024,4,Low,6.9,No,No,Heavy,Low,18-09-2024,Yes,33,28,34
19,155,48.8,20.31,08-04-2025,6,High,5.4,No,Yes,Medium,Medium,10-05-2025,No,32,24,34
25,163,58.2,21.91,06-12-2024,6,High,5.2,No,No,Medium,Medium,05-01-2025,No,32,24,30
37,173,79.5,26.56,05-04-2025,5,Low,7.1,Yes,No,Light,Low,03-05-2025,Yes,29,31,34
18,161,52.8,20.37,13-03-2025,5,Medium,5.0,No,No,Medium,Medium,04-04-2025,No,31,35,34
42,156,53.6,22.02,22-05-2024,4,High,6.5,Yes,No,Medium,Low,24-06-2024,No,34,31,25
35,174,62.2,20.54,14-07-2025,7,Low,8.7,No,No,Light,Medium,07-08-2025,No,24,35,31
40,167,57.4,20.58,16-07-2024,5,Medium,7.0,No,No,Medium,High,12-08-2024,No,33,29,29
28,145,51.4,24.45,06-09-2024,6,Medium,5.9,No,No,Heavy,High,04-10-2024,No,27,35,27
34,169,74.1,25.94,02-04-2024,6,Medium,5.4,No,No,Medium,High,03-05-2024,Yes,24,34,28
27,163,50.8,19.12,27-06-2024,5,Low,7.8,Yes,No,Medium,Medium,29-07-2024,Yes,31,27,31
18,161,48.4,18.67,16-12-2024,3,High,4.8,Yes,No,Medium,High,13-01-2025,No,24,25,26
41,157,81.7,33.15,23-07-2025,6,Low,5.1,No,No,Medium,Low,31-08-2025,No,26,25,26
37,145,40.0,19.02,03-04-2024,7,Medium,7.2,No,No,Light,High,27-04-2024,Yes,27,32,34
29,175,65.5,21.39,22-11-2024,4,Medium,4.6,No,No,Light,Medium,29-12-2024,Yes,31,28,27
44,151,55.3,24.25,01-09-2024,7,High,5.1,No,No,Light,Medium,05-10-2024,No,29,27,24
37,170,61.5,21.28,12-01-2025,3,Low,8.6,Yes,No,Medium,High,13-02-2025,No,33,33,32
36,161,56.6,21.84,21-09-2024,6,High,7.4,No,Yes,Medium,Medium,22-10-2024,No,35,24,31
30,175,83.1,27.13,06-08-2025,6,High,4.9,No,No,Medium,Medium,31-08-2025,Yes,30,30,31
36,175,84.2,27.49,25-07-2024,7,High,8.1,No,No,Light,Medium,24-08-2024,Yes,31,26,33
43,164,61.2,22.75,21-01-2024,3,Medium,8.6,No,No,Heavy,Low,17-02-2024,Yes,25,29,29
18,150,62.6,27.82,26-02-2025,7,High,5.1,No,No,Light,Low,05-04-2025,No,33,28,30
43,152,49.8,21.55,27-01-2025,6,Low,6.9,Yes,No,Medium,Medium,22-02-2025,Yes,34,28,29
30,167,63.8,22.88,27-02-2025,6,Medium,6.6,No,No,Light,Low,04-04-2025,No,31,34,32
31,155,54.1,22.52,20-06-2025,5,Medium,6.4,No,No,Light,Low,23-07-2025,Yes,26,28,26
39,173,69.1,23.09,03-08-2024,4,High,7.4,Yes,No,Light,Medium,31-08-2024,No,30,24,26
34,173,77.5,25.89,20-01-2025,5,High,7.5,No,No,Medium,Low,25-02-2025,No,26,24,26
32,172,74.0,25.01,03-10-2024,6,High,5.1,Yes,No,Heavy,Medium,04-11-2024,No,30,26,33
45,172,63.5,21.46,12-12-2024,4,High,6.3,Yes,No,Medium,High,11-01-2025,Yes,34,35,26
36,160,61.0,23.83,04-03-2024,5,High,7.3,No,No,Medium,High,03-04-2024,Yes,35,33,32
33,156,49.8,20.46,25-05-2025,6,Medium,7.8,No,No,Heavy,Medium,23-06-2025,Yes,25,27,35
28,151,44.4,19.47,11-10-2024,6,Medium,7.3,Yes,No,Light,Medium,04-11-2024,No,33,28,27
44,170,67.8,23.46,11-08-2025,5,Low,7.1,No,No,Medium,Medium,13-09-2025,No,29,25,30
37,148,57.4,26.21,03-01-2025,6,Low,7.2,No,No,Medium,Low,31-01-2025,No,26,31,32
28,167,69.0,24.74,08-05-2024,6,Low,8.8,No,No,Light,Low,04-06-2024,No,26,34,34
33,162,73.9,28.16,04-12-2025,6,Medium,7.1,No,No,Light,Medium,03-01-2026,No,32,34,35
39,148,62.8,28.67,30-05-2025,3,Medium,4.8,Yes,No,Light,Low,08-07-2025,Yes,30,25,30
30,170,68.9,23.84,25-06-2025,5,High,7.8,No,No,Heavy,Medium,24-07-2025,No,28,32,32
29,151,44.1,19.34,06-10-2025,4,Medium,5.8,No,No,Light,Low,08-11-2025,No,35,25,35
43,151,42.3,18.55,09-08-2024,5,Low,8.5,Yes,No,Heavy,Medium,09-09-2024,No,33,32,26
18,151,53.0,23.24,04-04-2024,4,High,4.8,Yes,No,Medium,Low,02-05-2024,No,30,30,27
42,167,74.9,26.86,04-10-2024,4,High,8.0,No,No,Medium,Medium,04-11-2024,Yes,32,31,31
18,157,72.0,29.21,11-09-2024,6,Medium,6.6,Yes,No,Light,Medium,14-10-2024,Yes,24,34,29
25,173,59.1,19.75,28-01-2025,5,Low,8.4,No,No,Heavy,Low,02-03-2025,No,30,25,28
34,161,69.4,26.77,13-02-2025,4,Low,5.5,Yes,No,Heavy,Low,11-03-2025,Yes,29,30,27
32,174,83.9,27.71,23-10-2025,4,High,8.0,Yes,Yes,Medium,Medium,23-11-2025,No,33,35,31
23,167,90.6,32.49,01-04-2025,5,Low,5.7,No,No,Heavy,Low,03-05-2025,Yes,35,29,24
44,175,76.1,24.85,18-03-2025,6,Low,7.8,No,No,Medium,High,20-04-2025,No,32,27,32
25,161,59.9,23.11,15-11-2024,5,High,6.1,No,Yes,Medium,Low,17-12-2024,Yes,24,30,24
32,167,51.0,18.29,23-01-2024,6,Medium,5.8,No,No,Light,Low,23-02-2024,No,27,27,31
45,166,57.5,20.87,10-05-2024,6,Low,7.0,No,No,Medium,Medium,07-06-2024,No,32,25,27
37,167,55.2,19.79,03-02-2024,7,Medium,7.0,No,No,Light,Medium,08-03-2024,Yes,27,33,32
35,174,63.2,20.87,11-03-2025,3,High,5.4,Yes,Yes,Heavy,Low,11-04-2025,No,33,35,34
34,155,45.3,18.86,27-12-2025,6,Medium,7.6,Yes,No,Light,Medium,28-01-2026,No,26,30,28
20,155,40.0,16.65,29-04-2025,4,Medium,6.7,No,No,Medium,Medium,29-05-2025,No,32,31,26
40,148,46.3,21.14,24-08-2025,4,Low,6.3,No,No,Medium,High,24-09-2025,No,25,25,32
35,162,65.1,24.81,16-05-2025,3,High,4.9,No,No,Medium,Low,14-06-2025,No,27,28,34
42,149,55.9,25.18,01-01-2024,6,Low,9.0,No,No,Light,Medium,01-02-2024,Yes,29,24,32
19,166,64.3,23.33,15-03-2024,3,High,8.0,No,No,Light,Low,19-04-2024,Yes,25,30,27
32,170,79.9,27.65,04-02-2025,5,Medium,5.2,No,No,Light,Medium,03-03-2025,Yes,31,31,34
20,174,84.0,27.74,24-06-2025,4,Medium,8.6,No,No,Medium,Medium,27-07-2025,No,31,29,27
36,165,49.1,18.03,24-04-2025,6,Medium,9.0,No,No,Medium,Medium,29-05-2025,Yes,24,28,35
33,163,59.6,22.43,04-04-2025,5,Medium,6.8,No,No,Medium,High,07-05-2025,No,35,29,31
27,153,40.0,17.09,11-09-2024,3,Medium,6.7,No,No,Medium,High,09-10-2024,No,26,25,25
41,171,60.5,20.69,21-04-2024,7,High,7.9,No,No,Medium,High,24-05-2024,Yes,33,24,32
34,170,71.2,24.64,17-08-2024,4,Medium,7.2,No,No,Light,Low,16-09-2024,No,32,30,29
22,158,56.1,22.47,07-06-2024,5,Low,6.3,No,No,Heavy,Low,06-07-2024,Yes,28,30,32
31,154,68.0,28.67,04-06-2024,4,Medium,5.5,Yes,No,Medium,Low,30-06-2024,Yes,29,33,31
30,161,80.8,31.17,18-06-2025,4,Low,7.1,Yes,No,Medium,Low,22-07-2025,No,27,34,30
22,160,63.5,24.8,29-11-2025,5,Low,8.9,Yes,No,Light,High,30-12-2025,No,33,33,24
34,154,51.4,21.67,21-04-2024,3,High,8.6,No,No,Medium,Medium,21-05-2024,No,25,25,35
23,164,61.9,23.01,09-01-2026,3,Low,5.9,No,No,Light,Low,11-02-2026,No,34,25,26
38,158,57.2,22.91,18-12-2025,5,High,4.9,No,No,Light,High,12-01-2026,Yes,31,24,34
25,146,51.1,23.97,24-10-2025,5,Medium,8.6,Yes,No,Heavy,Medium,26-11-2025,No,34,33,25
31,175,67.0,21.88,13-04-2025,7,High,7.1,Yes,No,Medium,Medium,21-05-2025,No,29,31,28
19,162,67.2,25.61,28-03-2024,7,Low,4.8,Yes,No,Heavy,Medium,04-05-2024,No,28,31,28
44,155,51.9,21.6,18-07-2025,3,Medium,5.9,Yes,No,Light,High,15-08-2025,Yes,32,24,28
18,166,76.0,27.58,10-02-2024,5,Low,8.3,No,No,Medium,Medium,11-03-2024,No,24,35,27
33,162,75.0,28.58,02-01-2024,4,Medium,4.8,No,Yes,Light,Low,08-02-2024,No,28,34,28
44,145,61.8,29.39,08-05-2024,3,Medium,6.5,No,No,Light,Medium,11-06-2024,Yes,29,31,26
31,153,50.8,21.7,26-08-2024,6,Medium,5.0,No,No,Light,Low,27-09-2024,No,28,32,35
29,148,40.0,18.26,06-08-2025,5,Medium,8.5,No,No,Heavy,Medium,06-09-2025,Yes,29,27,24
25,146,40.0,18.77,08-02-2024,4,High,4.9,No,Yes,Medium,Medium,15-03-2024,No,29,24,28
29,167,63.5,22.77,22-10-2025,5,Medium,8.8,No,Yes,Light,Low,25-11-2025,No,30,24,32
19,171,56.3,19.25,02-01-2026,4,High,7.1,No,No,Heavy,Medium,07-02-2026,Yes,27,26,32
23,147,40.0,18.51,07-11-2024,5,Low,6.5,No,No,Medium,High,15-12-2024,No,34,28,27
40,154,49.9,21.04,11-05-2024,5,Low,6.2,No,No,Medium,Medium,15-06-2024,No,31,28,26
42,171,60.6,20.72,03-10-2025,7,Low,7.8,Yes,No,Light,Low,02-11-2025,No,30,32,24
44,153,59.3,25.33,14-09-2024,5,Low,7.0,No,No,Medium,Medium,13-10-2024,No,32,33,25
38,150,68.8,30.58,24-06-2025,6,Medium,6.3,No,No,Light,High,30-07-2025,No,30,35,31
18,163,60.2,22.66,13-10-2025,7,Medium,7.0,No,No,Heavy,Medium,18-11-2025,No,26,25,24
24,163,65.6,24.69,23-03-2025,4,High,7.0,Yes,No,Light,High,27-04-2025,No,26,25,31
43,164,47.7,17.73,16-12-2025,6,Medium,5.9,Yes,No,Medium,Low,11-01-2026,Yes,31,29,30
37,156,57.3,23.55,24-04-2024,5,Low,8.6,No,No,Light,High,22-05-2024,No,28,32,31
36,149,41.5,18.69,11-04-2024,5,High,8.1,No,No,Light,High,13-05-2024,Yes,27,24,35
34,169,57.5,20.13,13-03-2024,5,High,6.4,No,No,Medium,Low,09-04-2024,No,31,32,29
19,168,48.9,17.33,03-11-2024,5,High,7.3,No,Yes,Medium,High,09-12-2024,No,29,32,35
30,145,60.5,28.78,21-06-2025,6,High,6.9,Yes,No,Medium,Low,24-07-2025,Yes,25,32,32
28,150,40.0,17.78,19-08-2025,4,Low,8.3,No,Yes,Medium,Low,25-09-2025,No,27,28,26
28,160,47.4,18.52,15-07-2024,5,Medium,6.0,No,No,Light,Medium,14-08-2024,No,35,32,33
34,151,50.6,22.19,01-02-2025,6,Low,6.6,No,No,Medium,Medium,02-03-2025,Yes,34,34,27
26,147,49.4,22.86,24-09-2024,5,Low,7.5,No,No,Medium,Medium,25-10-2024,No,27,27,29
20,150,52.5,23.33,16-08-2024,4,High,6.2,No,No,Medium,High,18-09-2024,No,29,25,31
25,153,53.6,22.9,07-09-2025,6,High,8.7,No,No,Light,High,09-10-2025,Yes,29,29,28
35,153,43.6,18.63,02-01-2024,3,Low,7.0,No,No,Light,High,30-01-2024,No,24,27,26
33,158,65.2,26.12,11-01-2024,5,High,6.2,No,No,Medium,Medium,14-02-2024,Yes,31,29,29
31,174,75.5,24.94,04-07-2025,5,High,8.7,No,No,Medium,Low,09-08-2025,No,29,26,27
43,155,40.0,16.65,04-11-2024,5,Low,7.4,Yes,No,Medium,Low,02-12-2024,No,26,29,32
24,174,89.6,29.59,16-04-2025,7,Low,8.5,No,No,Medium,Medium,14-05-2025,No,32,25,26
43,149,45.2,20.36,12-10-2024,7,Low,4.9,No,No,Heavy,Low,11-11-2024,No,25,25,27
38,175,84.1,27.46,19-11-2024,4,Medium,5.7,Yes,No,Heavy,Low,12-12-2024,No,34,32,30
40,158,43.0,17.22,22-10-2025,6,Medium,7.5,No,Yes,Medium,Medium,23-11-2025,No,31,30,30
26,175,62.7,20.47,05-09-2024,6,Low,4.9,No,No,Light,Medium,01-10-2024,Yes,33,26,35
35,155,48.9,20.35,01-05-2025,5,Medium,8.4,Yes,No,Heavy,High,04-06-2025,No,26,34,35
25,148,40.7,18.58,22-06-2025,5,Medium,6.5,No,No,Light,High,25-07-2025,Yes,35,24,27
28,158,67.7,27.12,28-08-2024,3,Low,8.9,No,No,Light,High,26-09-2024,No,28,31,29
27,164,47.4,17.62,14-07-2025,5,Low,7.6,No,No,Medium,Medium,10-08-2025,Yes,29,29,35
45,158,59.3,23.75,09-09-2024,5,High,5.0,Yes,No,Medium,Medium,14-10-2024,Yes,33,30,26
23,171,60.5,20.69,30-01-2024,6,Low,6.2,No,No,Medium,Low,10-03-2024,Yes,29,32,29
44,150,54.8,24.36,25-02-2025,4,Medium,7.1,No,No,Medium,Medium,29-03-2025,No,27,28,35
26,162,63.7,24.27,22-12-2025,6,Low,6.0,No,No,Light,High,21-01-2026,Yes,26,24,25
24,162,56.1,21.38,27-10-2025,6,Low,5.2,No,No,Light,Low,01-12-2025,No,27,35,31
35,156,77.9,32.01,10-11-2024,6,High,8.5,No,No,Medium,Medium,16-12-2024,Yes,24,33,25
32,175,74.2,24.23,26-02-2024,7,Low,6.7,No,Yes,Heavy,Medium,26-03-2024,Yes,27,30,34
18,173,83.6,27.93,23-01-2024,5,High,7.3,No,No,Light,Medium,26-02-2024,No,24,28,30
41,149,40.0,18.02,17-07-2024,5,High,7.0,Yes,No,Medium,Medium,14-08-2024,No,35,26,32
18,174,72.4,23.91,25-05-2025,3,High,6.2,No,No,Medium,Low,24-06-2025,Yes,24,35,24
25,145,45.5,21.64,21-11-2025,4,Low,8.1,No,No,Light,Medium,18-12-2025,No,33,32,31
18,167,68.0,24.38,24-10-2025,6,Medium,5.5,Yes,No,Medium,Medium,25-11-2025,No,29,24,30
45,159,55.2,21.83,06-03-2025,5,Medium,8.5,No,No,Light,Medium,05-04-2025,No,28,24,29
45,170,61.4,21.25,24-03-2024,6,High,7.6,No,No,Medium,Medium,25-04-2024,Yes,34,24,29
21,151,40.0,17.54,20-09-2024,5,Medium,4.8,No,No,Medium,Low,22-10-2024,Yes,27,26,29
44,162,56.0,21.34,21-08-2024,4,Medium,7.7,No,Yes,Light,Medium,15-09-2024,No,34,35,32
34,147,40.0,18.51,14-11-2025,4,Medium,6.3,Yes,No,Medium,Medium,09-12-2025,Yes,26,29,25
38,146,43.1,20.22,10-03-2025,7,Low,8.4,Yes,Yes,Medium,Medium,07-04-2025,No,24,33,24
18,153,61.3,26.19,14-01-2025,6,High,6.1,Yes,No,Medium,Medium,05-02-2025,No,29,34,35
45,146,67.9,31.85,20-08-2024,4,Low,8.1,No,No,Light,Medium,23-09-2024,No,25,26,29
26,164,69.0,25.65,19-05-2025,4,Medium,4.8,No,No,Medium,Low,18-06-2025,No,31,31,33
40,150,59.9,26.62,04-02-2024,4,High,7.1,No,No,Medium,Medium,04-03-2024,No,33,33,34
20,173,79.0,26.4,13-12-2025,5,High,5.0,No,No,Medium,Low,21-01-2026,No,28,25,31
24,149,56.0,25.22,12-12-2024,5,High,8.5,No,Yes,Light,Medium,08-01-2025,No,30,32,26
20,148,53.6,24.47,05-01-2026,5,Medium,5.8,No,No,Medium,Medium,11-02-2026,No,33,26,35
34,148,45.1,20.59,06-03-2025,6,High,8.1,No,No,Medium,Low,03-04-2025,No,35,28,33
35,165,61.5,22.59,06-01-2025,3,High,7.9,Yes,No,Heavy,High,09-02-2025,No,25,33,24
31,169,72.1,25.24,29-11-2025,3,Low,5.7,Yes,No,Heavy,Low,27-12-2025,No,31,31,32
31,146,63.8,29.93,09-02-2025,6,Medium,6.2,Yes,No,Medium,Medium,12-03-2025,No,25,25,24
40,156,63.6,26.13,21-07-2024,6,High,8.9,No,Yes,Medium,Medium,19-08-2024,No,27,29,26
22,163,78.9,29.7,07-01-2024,5,Low,6.7,Yes,No,Light,Low,06-02-2024,No,24,35,31
43,156,42.9,17.63,26-10-2024,4,High,5.0,Yes,No,Medium,High,29-11-2024,No,28,28,26
33,152,54.5,23.59,26-01-2026,5,Low,8.4,Yes,No,Light,Low,01-03-2026,No,32,33,27
38,170,73.8,25.54,31-05-2025,4,Low,7.8,No,No,Light,Low,27-06-2025,Yes,24,32,31
35,151,56.1,24.6,10-03-2024,5,Medium,7.8,No,No,Light,Medium,09-04-2024,Yes,32,35,24
25,159,45.1,17.84,29-07-2024,5,High,5.2,No,No,Medium,Medium,31-08-2024,No,34,28,29
40,154,40.0,16.87,22-05-2025,3,Low,6.8,Yes,No,Heavy,Medium,25-06-2025,Yes,31,25,24
36,163,41.6,15.66,24-07-2024,6,Medium,5.8,No,No,Heavy,High,26-08-2024,Yes,29,28,24
41,149,44.9,20.22,15-11-2024,7,Medium,7.8,No,No,Medium,Medium,21-12-2024,Yes,30,35,31
32,145,68.3,32.49,17-07-2024,4,Low,5.5,Yes,No,Medium,High,18-08-2024,Yes,26,27,34
34,175,77.1,25.18,24-08-2024,6,Low,8.8,Yes,No,Medium,Low,16-09-2024,Yes,24,34,27
35,163,50.8,19.12,21-04-2025,3,Medium,5.5,No,No,Medium,Medium,21-05-2025,No,28,30,35
25,163,66.3,24.95,14-08-2024,6,Medium,7.4,Yes,No,Medium,Medium,15-09-2024,No,35,29,24
25,145,41.9,19.93,28-09-2024,6,Medium,6.6,No,No,Light,Medium,30-10-2024,No,35,25,33
36,156,57.6,23.67,29-10-2024,5,Low,8.7,No,No,Medium,Medium,28-11-2024,No,25,35,30
21,165,60.4,22.19,21-04-2024,6,Low,7.7,Yes,Yes,Light,Medium,20-05-2024,Yes,28,34,28
34,165,52.0,19.1,30-09-2025,7,High,6.5,No,No,Heavy,Low,23-10-2025,No,31,34,28
18,152,46.6,20.17,22-05-2025,5,Medium,6.4,Yes,No,Light,Low,20-06-2025,No,34,28,24
39,172,79.1,26.74,16-09-2025,5,High,5.9,Yes,No,Medium,Medium,20-10-2025,Yes,32,30,33
27,160,63.0,24.61,10-07-2024,7,High,8.1,No,No,Heavy,Medium,13-08-2024,No,25,34,34
43,146,58.2,27.3,16-08-2024,4,High,5.9,Yes,No,Medium,Low,16-09-2024,No,35,30,29
31,147,40.0,18.51,11-05-2025,6,High,8.0,No,No,Light,High,11-06-2025,No,26,28,32
42,175,85.5,27.92,03-03-2025,6,Medium,5.3,No,No,Medium,Medium,31-03-2025,No,26,35,32
34,175,75.6,24.69,12-11-2025,5,High,7.8,No,No,Medium,High,20-12-2025,No,24,32,31
27,148,50.0,22.83,27-02-2024,5,Medium,8.4,No,No,Light,Medium,21-03-2024,Yes,31,27,28
19,149,61.5,27.7,01-09-2025,4,High,7.8,No,No,Medium,Low,27-09-2025,No,29,34,24
38,153,51.8,22.13,29-05-2024,6,High,5.7,No,No,Medium,Medium,29-06-2024,Yes,35,26,32
34,164,66.7,24.8,06-02-2025,5,High,8.0,Yes,No,Light,High,11-03-2025,No,31,27,24
33,146,52.5,24.63,25-02-2024,5,Medium,7.3,No,No,Light,Medium,27-03-2024,No,34,28,31
32,164,70.6,26.25,06-08-2024,4,Medium,5.5,No,No,Medium,Medium,04-09-2024,No,32,29,28
28,175,83.3,27.2,25-01-2024,6,Low,8.7,No,No,Medium,Medium,01-03-2024,No,28,26,26
44,149,62.1,27.97,02-09-2025,3,Medium,7.4,No,No,Heavy,Medium,03-10-2025,Yes,35,25,34
43,151,56.5,24.78,25-05-2024,5,High,7.5,No,No,Light,Medium,28-06-2024,Yes,26,27,30
21,175,70.8,23.12,01-03-2025,4,Medium,5.6,No,No,Medium,Medium,29-03-2025,Yes,28,28,30
20,152,76.7,33.2,23-02-2024,6,Medium,5.1,No,No,Light,High,26-03-2024,Yes,28,27,32
37,156,56.0,23.01,27-12-2025,6,High,6.5,No,No,Medium,Medium,31-01-2026,No,28,34,30
23,172,76.1,25.72,02-03-2024,5,Low,8.3,No,Yes,Heavy,Low,06-04-2024,No,26,35,34
31,171,63.8,21.82,07-07-2024,5,Medium,5.9,No,Yes,Light,Medium,12-08-2024,Yes,34,26,26
20,154,40.0,16.87,06-02-2025,5,High,8.0,Yes,No,Heavy,Low,10-03-2025,No,33,31,34
18,162,54.5,20.77,05-04-2025,3,Low,4.6,Yes,No,Medium,Medium,12-05-2025,No,27,33,24
26,173,74.0,24.73,30-12-2025,5,High,8.2,No,No,Light,Medium,30-01-2026,No,32,27,31
24,153,58.6,25.03,17-11-2024,5,Medium,8.4,Yes,Yes,Medium,Medium,22-12-2024,No,33,25,35
29,155,55.6,23.14,20-01-2026,5,High,4.6,No,No,Medium,Medium,17-02-2026,Yes,32,25,26
40,151,59.3,26.01,25-04-2024,7,Medium,7.1,Yes,No,Light,Medium,31-05-2024,No,25,24,35
18,153,63.3,27.04,22-03-2024,5,High,6.8,No,No,Heavy,Low,21-04-2024,No,31,27,31
39,149,59.2,26.67,18-06-2024,5,High,8.3,No,No,Medium,High,21-07-2024,No,31,33,31
29,155,55.4,23.06,03-12-2024,5,Medium,6.2,No,Yes,Medium,Low,27-12-2024,Yes,30,32,28
19,175,76.2,24.88,14-07-2024,6,Medium,6.2,Yes,No,Light,Low,15-08-2024,No,31,34,35
32,164,62.2,23.13,08-07-2024,6,High,5.6,No,No,Light,Medium,04-08-2024,Yes,26,30,24
36,166,57.6,20.9,30-10-2025,5,Low,5.1,No,No,Light,Medium,02-12-2025,Yes,29,35,33
41,170,84.6,29.27,21-06-2025,4,Low,6.4,No,No,Medium,Low,18-07-2025,No,24,33,30
21,150,40.0,17.78,23-04-2025,5,Medium,6.9,No,No,Heavy,Medium,26-05-2025,No,30,30,35
28,175,74.7,24.39,02-02-2024,6,Low,7.9,No,No,Medium,Medium,02-03-2024,No,24,30,33
20,158,60.7,24.32,15-11-2024,5,High,7.5,Yes,No,Medium,Low,17-12-2024,Yes,32,31,28
44,156,40.0,16.44,11-11-2025,6,Low,8.1,Yes,No,Medium,Medium,09-12-2025,No,24,24,31
35,167,74.8,26.82,12-01-2026,6,Medium,6.2,No,Yes,Light,High,10-02-2026,Yes,24,33,32
24,173,69.9,23.36,22-01-2025,4,High,8.3,No,No,Medium,Low,22-02-2025,Yes,30,33,34
28,164,66.6,24.76,17-01-2025,5,Medium,4.9,No,Yes,Medium,Medium,20-02-2025,No,25,31,30
32,169,66.1,23.14,05-12-2024,6,Medium,8.5,No,Yes,Medium,Low,05-01-2025,No,28,27,30
43,147,40.0,18.51,29-03-2025,7,High,5.2,Yes,No,Medium,Low,28-04-2025,No,31,27,24
44,171,73.4,25.1,22-06-2024,4,High,6.2,No,No,Medium,Low,26-07-2024,No,31,27,27
39,174,75.5,24.94,21-04-2024,4,Medium,4.5,No,No,Medium,High,18-05-2024,No,26,29,25
32,173,83.4,27.87,03-01-2024,5,High,6.3,No,No,Light,Medium,03-02-2024,No,30,30,25
32,168,73.2,25.94,21-03-2024,5,Medium,4.8,No,No,Heavy,High,17-04-2024,Yes,26,29,25
25,168,51.6,18.28,13-10-2024,4,Medium,7.8,No,No,Heavy,High,15-11-2024,No,29,24,27
28,168,79.4,28.13,23-03-2024,6,Low,6.4,No,No,Light,Low,24-04-2024,No,29,35,24
31,154,62.4,26.31,25-12-2024,4,High,7.6,No,No,Light,Low,19-01-2025,Yes,26,31,27
42,147,55.1,25.5,06-03-2025,6,Medium,7.6,No,No,Heavy,Medium,05-04-2025,No,30,33,25
30,163,68.3,25.71,06-05-2024,6,Medium,6.9,No,No,Medium,Low,06-06-2024,No,26,34,28
26,158,51.4,20.59,28-07-2025,3,Low,5.1,No,No,Medium,Medium,02-09-2025,Yes,31,30,26
42,151,56.8,24.91,31-07-2024,3,Medium,5.7,No,Yes,Medium,Medium,28-08-2024,Yes,33,29,35
42,153,49.8,21.27,24-01-2025,5,High,8.8,No,No,Light,Medium,26-02-2025,No,27,29,31
43,161,90.2,34.8,31-12-2024,4,Low,7.0,No,No,Medium,Low,30-01-2025,Yes,24,28,27
27,151,49.1,21.53,12-11-2024,4,High,5.1,No,No,Light,Low,13-12-2024,No,27,29,24
28,172,61.3,20.72,18-03-2025,6,Low,8.0,No,No,Light,Medium,20-04-2025,No,30,35,24
42,171,68.0,23.26,30-03-2024,5,Medium,7.2,No,No,Light,High,01-05-2024,No,34,32,35
32,174,88.8,29.33,20-02-2024,5,Low,8.6,No,No,Light,High,24-03-2024,No,27,33,33
43,169,63.7,22.3,23-12-2025,7,Medium,5.6,No,No,Medium,High,20-01-2026,No,29,32,26
21,150,40.0,17.78,29-04-2025,5,High,5.1,No,No,Medium,Low,27-05-2025,Yes,32,33,32
33,157,72.1,29.25,19-07-2024,4,High,6.5,No,No,Light,High,15-08-2024,No,24,31,30
28,160,63.7,24.88,16-01-2025,5,Medium,5.6,No,No,Heavy,Medium,20-02-2025,No,28,33,25
19,146,41.5,19.47,08-07-2025,5,High,8.8,Yes,No,Medium,Medium,15-08-2025,Yes,34,32,32
28,153,60.6,25.89,02-04-2025,6,Low,7.3,Yes,No,Medium,Medium,29-04-2025,No,30,33,33
28,153,44.2,18.88,16-07-2024,6,Medium,8.9,Yes,No,Light,High,16-08-2024,No,24,31,25
34,151,40.0,17.54,27-11-2024,4,High,7.0,No,No,Light,Low,28-12-2024,No,27,31,26
45,154,64.0,26.99,07-01-2025,5,High,7.8,Yes,No,Light,Medium,04-02-2025,No,29,24,34
30,150,45.3,20.13,25-01-2026,7,Medium,8.7,No,No,Medium,Medium,01-03-2026,No,25,33,33
35,158,63.7,25.52,30-04-2025,4,Medium,8.6,No,No,Medium,Medium,04-06-2025,No,33,34,25
26,145,45.6,21.69,01-02-2024,4,Medium,8.9,No,Yes,Medium,High,03-03-2024,No,28,28,26
29,169,77.8,27.24,08-10-2025,5,Low,5.1,No,No,Medium,Low,11-11-2025,No,34,27,29
34,166,67.5,24.5,24-02-2025,6,Medium,4.7,No,Yes,Heavy,Medium,26-03-2025,No,33,25,32
43,155,40.0,16.65,10-09-2024,5,High,5.1,No,No,Heavy,Low,11-10-2024,No,24,31,32
26,145,52.2,24.83,02-10-2025,5,Low,7.3,No,Yes,Medium,Low,28-10-2025,No,29,26,30
41,158,53.7,21.51,18-02-2025,4,Medium,7.7,No,No,Heavy,Medium,17-03-2025,Yes,29,27,35
22,163,72.3,27.21,11-02-2024,4,High,6.1,No,No,Medium,Low,21-03-2024,No,27,35,26
38,151,52.6,23.07,19-01-2025,5,Low,5.5,No,Yes,Medium,High,21-02-2025,No,31,30,27
34,170,84.7,29.31,05-02-2024,5,Medium,8.0,No,Yes,Medium,Low,07-03-2024,Yes,27,33,29
23,155,52.3,21.77,20-04-2025,6,Low,7.8,No,No,Heavy,Low,21-05-2025,No,31,32,34
28,174,53.9,17.8,05-03-2024,5,Medium,6.8,No,No,Light,Low,06-04-2024,Yes,31,25,28
30,164,61.2,22.75,04-03-2024,6,Medium,8.7,No,No,Medium,High,30-03-2024,Yes,28,26,25
30,168,73.6,26.08,20-09-2024,7,Medium,5.6,No,No,Light,Medium,18-10-2024,No,27,27,29
37,151,48.0,21.05,18-07-2024,4,Low,7.7,No,No,Heavy,Medium,18-08-2024,Yes,35,33,26
21,161,56.7,21.87,05-03-2024,6,Medium,5.2,No,No,Heavy,Medium,06-04-2024,No,25,24,31
30,168,83.2,29.48,12-09-2025,4,Low,6.4,No,No,Medium,Low,13-10-2025,No,34,30,25
24,153,51.9,22.17,13-12-2024,5,High,4.8,Yes,No,Light,Low,11-01-2025,No,26,25,24
35,158,69.0,27.64,06-01-2025,4,High,5.2,No,No,Medium,Low,02-02-2025,Yes,26,28,32
35,165,66.9,24.57,05-10-2024,5,Medium,7.4,No,No,Heavy,Medium,03-11-2024,Yes,27,24,35
30,152,40.0,17.31,09-12-2024,6,Low,8.3,No,No,Medium,High,05-01-2025,No,27,26,26
39,163,54.0,20.32,23-09-2025,5,High,6.1,Yes,No,Light,High,27-10-2025,No,33,35,34
20,153,50.3,21.49,14-02-2024,6,Low,8.6,No,Yes,Light,Medium,17-03-2024,No,34,25,24
34,162,65.5,24.96,25-09-2024,6,Medium,6.6,Yes,No,Light,High,22-10-2024,Yes,34,24,30
23,147,40.0,18.51,03-01-2026,5,Low,6.4,Yes,Yes,Light,Low,04-02-2026,No,28,30,33
34,145,40.0,19.02,07-12-2025,4,Low,7.5,No,No,Medium,Low,05-01-2026,No,27,28,28
21,150,40.3,17.91,20-11-2024,4,High,8.9,No,No,Medium,Low,13-12-2024,No,34,24,28
22,170,65.2,22.56,09-10-2024,7,Medium,7.8,No,No,Light,High,07-11-2024,Yes,33,29,24
44,154,45.6,19.23,31-10-2024,5,Medium,7.6,Yes,No,Medium,Low,08-12-2024,No,31,28,32
31,149,43.6,19.64,04-01-2024,5,Medium,8.2,No,No,Medium,Medium,08-02-2024,No,29,26,30
35,164,83.0,30.86,08-01-2026,5,Low,5.7,No,No,Light,Medium,18-02-2026,No,29,35,31
37,160,63.2,24.69,01-09-2025,6,High,7.1,No,No,Heavy,Medium,29-09-2025,Yes,31,30,32
26,146,40.0,18.77,11-10-2025,5,Medium,5.9,No,No,Medium,Medium,16-11-2025,No,30,34,29
39,158,58.3,23.35,07-03-2024,6,Medium,6.9,Yes,No,Medium,Medium,05-04-2024,No,33,33,35
22,165,81.2,29.83,25-01-2024,6,Low,6.1,No,No,Medium,Low,01-03-2024,Yes,34,32,28
36,159,65.9,26.07,27-08-2024,6,High,6.9,No,No,Light,Medium,30-09-2024,No,35,32,29
19,161,60.4,23.3,19-04-2024,5,Low,6.2,No,No,Medium,Low,23-05-2024,No,33,32,34
21,164,50.8,18.89,01-05-2025,5,Medium,6.6,No,No,Light,Medium,31-05-2025,Yes,31,25,25
32,170,53.4,18.48,02-01-2026,5,High,7.9,No,No,Medium,Low,06-02-2026,Yes,25,26,27
21,169,66.0,23.11,21-04-2025,6,Medium,8.0,No,No,Light,Medium,18-05-2025,No,32,30,26
35,157,56.3,22.84,30-01-2025,5,Medium,7.5,No,No,Medium,Medium,07-03-2025,Yes,24,28,30
24,157,41.1,16.67,14-09-2024,4,Medium,6.7,No,No,Medium,High,18-10-2024,No,31,25,32
40,160,47.0,18.36,16-03-2025,5,Low,6.6,No,No,Medium,Medium,21-04-2025,Yes,35,26,28
41,162,61.9,23.59,20-05-2025,4,Medium,5.1,No,No,Medium,High,20-06-2025,No,34,33,29
40,163,41.2,15.51,15-05-2024,6,Medium,6.8,No,Yes,Medium,Medium,17-06-2024,Yes,35,29,33
25,145,40.0,19.02,23-05-2025,6,Low,7.1,Yes,No,Heavy,Low,18-06-2025,No,35,30,35
19,166,65.8,23.88,06-07-2024,5,Low,6.7,No,No,Medium,Medium,07-08-2024,No,27,32,35
31,152,58.0,25.1,09-01-2024,7,Medium,7.0,No,No,Medium,Low,08-02-2024,No,27,24,25
39,166,69.5,25.22,26-01-2026,5,Low,7.5,No,No,Light,Low,26-02-2026,No,28,34,26
37,160,70.3,27.46,06-11-2024,5,Medium,7.9,No,No,Medium,Medium,09-12-2024,Yes,31,30,26
